{
    "1": 0.7636372208362621,
    "3": 0.7765856400766945,
    "5": 0.7839182939178072,
    "7": 0.7868927775654748,
    "9": 0.7893078691503711
}