{
    "0.1": 0.7776154381622709,
    "0.3": 0.7840882254363575,
    "0.5": 0.7849635187047206,
    "0.7": 0.7839680820893598,
    "0.9": 0.7847415371129502
}