{
    "0.1": 0.7996242912614796,
    "0.3": 0.7996195084123938,
    "0.5": 0.8016933517759994,
    "0.7": 0.8021279533295963,
    "0.9": 0.800868150880395
}