{
    "1": 0.7823955122845885,
    "3": 0.7972561432507941,
    "5": 0.8008046984158566,
    "7": 0.8030277666709393,
    "9": 0.8000094700411898
}