{
    "1": 0.7573001100428248,
    "3": 0.7731165672111473,
    "5": 0.7774166420715415,
    "7": 0.7765595589686857,
    "9": 0.7772531903623594
}