{
    "1": 0.7473862376569469,
    "3": 0.7692324747982571,
    "5": 0.7799943279964936,
    "7": 0.7846061824838219,
    "9": 0.7847822724108593
}