{
    "0.001": 0.7540387941022435,
    "0.01": 0.767772795572203,
    "0.05": 0.7828553660437128,
    "0.1": 0.7912108529249595,
    "0.5": 0.7847389936915617
}