{
    "0.1": 0.774448124483258,
    "0.3": 0.7782141105001964,
    "0.5": 0.7753308614418151,
    "0.7": 0.7756045025692947,
    "0.9": 0.7765893663057861
}