{
    "0.1": 0.799682376564463,
    "0.3": 0.8025044548756577,
    "0.5": 0.79982167356143,
    "0.7": 0.8007957669482393,
    "0.9": 0.8034378104614672
}