{
    "0.1": 0.7836821491715854,
    "0.3": 0.7870708539314781,
    "0.5": 0.7861442484928489,
    "0.7": 0.7881276984514545,
    "0.9": 0.7888806517816208
}