{
    "0.001": 0.7642031486452101,
    "0.01": 0.7842955787980763,
    "0.05": 0.7968355713878489,
    "0.1": 0.8019455673511242,
    "0.5": 0.7954182537754216
}