{
    "0.001": 0.7700104735572247,
    "0.01": 0.7816953233004452,
    "0.05": 0.7971592611477021,
    "0.1": 0.8026749622846809,
    "0.5": 0.7985384328299368
}