{
    "1": 0.7770975368085744,
    "3": 0.796516983720649,
    "5": 0.7988094706188466,
    "7": 0.8007612712296508,
    "9": 0.8032426632534522
}