{
    "0.001": 0.744535540258334,
    "0.01": 0.7528945265166164,
    "0.05": 0.7785809678500528,
    "0.1": 0.7857924046716683,
    "0.5": 0.7879859231185706
}