{
    "0.001": 0.7474976496181729,
    "0.01": 0.7596468270333978,
    "0.05": 0.7732125859282004,
    "0.1": 0.7771070855460802,
    "0.5": 0.7769350825516643
}