{
    "1": 0.72319721215781,
    "3": 0.7837220712560387,
    "5": 0.810063067424621,
    "7": 0.8182985330251541,
    "9": 0.8173428476733855
}