{
    "0.1": 0.7820900826801885,
    "0.3": 0.7948938446618652,
    "0.5": 0.7999612333183286,
    "0.7": 0.8031837913069957,
    "0.9": 0.8052797572552031
}