{
    "0.1": 0.8068753709082959,
    "0.3": 0.8185785037168916,
    "0.5": 0.8171978463893054,
    "0.7": 0.822252936031984,
    "0.9": 0.8252743745314842
}