{
    "1": 0.7160607461652071,
    "3": 0.7746712976758046,
    "5": 0.797114472132974,
    "7": 0.8067156245141731,
    "9": 0.8095876706871534
}