{
    "1": 0.6867687250124938,
    "3": 0.7684154016741629,
    "5": 0.8017409264117941,
    "7": 0.8090755403548225,
    "9": 0.8115340767116441
}