{
    "0.1": 0.7927462050224887,
    "0.3": 0.8017311656671664,
    "0.5": 0.8066693215892053,
    "0.7": 0.808572276361819,
    "0.9": 0.8110386213143428
}