{
    "1": 0.7181234029947572,
    "3": 0.7706131589922152,
    "5": 0.7927891903431659,
    "7": 0.7997907757639147,
    "9": 0.8049165006222528
}