{
    "0.001": 0.7164866794868401,
    "0.01": 0.7427677590292856,
    "0.05": 0.7945868555711486,
    "0.1": 0.8045486929380925,
    "0.5": 0.8166288377773658
}