{
    "0.1": 0.7874125106881898,
    "0.3": 0.8053261598305436,
    "0.5": 0.8079969927320308,
    "0.7": 0.8094479954785718,
    "0.9": 0.8090326135539203
}