{
    "0.1": 0.7966205699233716,
    "0.3": 0.8176686396385141,
    "0.5": 0.8187015433255594,
    "0.7": 0.8194494332694764,
    "0.9": 0.8192707031900717
}