{
    "0.001": 0.7480888462018991,
    "0.01": 0.7658504732008995,
    "0.05": 0.816467254653923,
    "0.1": 0.8217126788168416,
    "0.5": 0.8307813866504248
}