{
    "0.001": 0.7319918170570555,
    "0.01": 0.7481585139529461,
    "0.05": 0.8004472440664352,
    "0.1": 0.8121815810100015,
    "0.5": 0.8147127387029072
}