{
    "1": 0.744418806221889,
    "3": 0.7889775815217391,
    "5": 0.8167786224075462,
    "7": 0.8193530188030984,
    "9": 0.8184379489942528
}