{
    "0.001": 0.7158155297351324,
    "0.01": 0.7482985069965018,
    "0.05": 0.8077410513493253,
    "0.1": 0.8087604635182408,
    "0.5": 0.8138321464267866
}