{
    "0.001": 0.7444235781414847,
    "0.01": 0.7726377696568383,
    "0.05": 0.8156622643539342,
    "0.1": 0.8218995970764618,
    "0.5": 0.8184373525043034
}