{
    "1": 0.859370305481972,
    "3": 0.8789860450343538,
    "5": 0.893668024256585,
    "7": 0.8985669309125491,
    "9": 0.8992303954961716
}