{
    "0.1": 0.8836760739006451,
    "0.3": 0.8900959812268301,
    "0.5": 0.8900546322045255,
    "0.7": 0.8902543158615615,
    "0.9": 0.8899602075567965
}