{
    "0.1": 0.8930227071687326,
    "0.3": 0.8974960321188401,
    "0.5": 0.8986021449160742,
    "0.7": 0.901479997070195,
    "0.9": 0.9000441501711172
}