{
    "0.001": 0.8553091972949881,
    "0.01": 0.866916093186146,
    "0.05": 0.89204706634921,
    "0.1": 0.9009841183861387,
    "0.5": 0.8627732885109842
}