{
    "0.1": 0.8340037201374391,
    "0.3": 0.8416777308221753,
    "0.5": 0.8419680376693685,
    "0.7": 0.8418880208363342,
    "0.9": 0.8427198701785269
}