{
    "0.001": 0.8158937014076891,
    "0.01": 0.8334558896944698,
    "0.05": 0.8725785230528244,
    "0.1": 0.8834462146098109,
    "0.5": 0.8561096408654361
}