{
    "1": 0.782680634582037,
    "3": 0.812010491300743,
    "5": 0.8338556244666218,
    "7": 0.841110991014162,
    "9": 0.8417744485571889
}