{
    "1": 0.8494371890926348,
    "3": 0.8726507563887294,
    "5": 0.8882675713801287,
    "7": 0.895430531331451,
    "9": 0.8944701247367494
}