{
    "0.1": 0.872898343703025,
    "0.3": 0.88133145439268,
    "0.5": 0.8810453157755197,
    "0.7": 0.8819976605266769,
    "0.9": 0.8833295741373847
}