{
    "0.001": 0.8432770151525444,
    "0.01": 0.8524995695941298,
    "0.05": 0.8864183903704161,
    "0.1": 0.8962054554113388,
    "0.5": 0.8564140859891908
}