{
    "0.001": 0.8387309103010204,
    "0.01": 0.8486854197484053,
    "0.05": 0.8795858092398802,
    "0.1": 0.8890707956953986,
    "0.5": 0.8570742237383872
}