{
    "1": 0.8103354406363574,
    "3": 0.8500996872580167,
    "5": 0.8719982899681692,
    "7": 0.8798438237113217,
    "9": 0.8821071611334181
}