{
    "1": 0.8393623114011696,
    "3": 0.8620558376993261,
    "5": 0.8802866522245902,
    "7": 0.8888525024290639,
    "9": 0.8883241934659062
}