{
    "0.001": 0.7741995263058796,
    "0.01": 0.7891392897476667,
    "0.05": 0.8271427529954266,
    "0.1": 0.8420316147920827,
    "0.5": 0.8494380730324145
}