{
    "0.1": 0.8900073528610203,
    "0.3": 0.8958758377272146,
    "0.5": 0.8958859971763827,
    "0.7": 0.8964192553749454,
    "0.9": 0.8970622356245246
}