{
    "random_apfd": 0.48854512171403647,
    "deepGini_apfd": 0.7572503429860019,
    "vanillasoftmax_apfd": 0.7630755199983179,
    "pcs_apfd": 0.7672547584379813,
    "entropy_apfd": 0.7428455879647394,
    "lgb_apfd": 0.8088835345693094,
    "xgb_apfd": 0.8041014423809799,
    "rf_apfd": 0.7935717064144953,
    "lr_apfd": 0.7810750574271581
}