{
    "random_apfd": 0.5032496270971996,
    "deepGini_apfd": 0.7630109437964215,
    "vanillasoftmax_apfd": 0.7683065143042261,
    "pcs_apfd": 0.7696504948973377,
    "entropy_apfd": 0.7507738649820834,
    "lgb_apfd": 0.8070998843825947,
    "xgb_apfd": 0.8020734288500181,
    "rf_apfd": 0.7899438047118078,
    "lr_apfd": 0.7923661583454658
}