{
    "random_apfd": 0.5026250002443224,
    "deepGini_apfd": 0.7193021076230555,
    "vanillasoftmax_apfd": 0.725127243124278,
    "pcs_apfd": 0.728795988811987,
    "entropy_apfd": 0.7071250774502119,
    "lgb_apfd": 0.7806548916283406,
    "xgb_apfd": 0.7777029879656541,
    "rf_apfd": 0.7646021746651317,
    "lr_apfd": 0.7658875549969801
}