{
    "random_apfd": 0.4816720983645179,
    "deepGini_apfd": 0.7482679031729116,
    "vanillasoftmax_apfd": 0.7540152902340598,
    "pcs_apfd": 0.7560180963194048,
    "entropy_apfd": 0.7351214984075438,
    "lgb_apfd": 0.7960100662919689,
    "xgb_apfd": 0.7910045719171358,
    "rf_apfd": 0.7733216440762233,
    "lr_apfd": 0.7660019864916356
}