{
    "random_apfd": 0.5090587052362905,
    "deepGini_apfd": 0.7342176502436383,
    "vanillasoftmax_apfd": 0.7373099234279527,
    "pcs_apfd": 0.7366372753757702,
    "entropy_apfd": 0.7241825869492355,
    "lgb_apfd": 0.7933243096913914,
    "xgb_apfd": 0.7921089540309898,
    "rf_apfd": 0.7689834222806611,
    "lr_apfd": 0.7564714981823807
}