{
    "random_apfd": 0.5142804574275361,
    "deepGini_apfd": 0.7147153962081458,
    "vanillasoftmax_apfd": 0.7180535708708146,
    "pcs_apfd": 0.717026740535982,
    "entropy_apfd": 0.7029263688468266,
    "lgb_apfd": 0.8331122524675163,
    "xgb_apfd": 0.8329560805534733,
    "rf_apfd": 0.7814764492753623,
    "lr_apfd": 0.7323442770802099
}