{
    "random_apfd": 0.5038933658170914,
    "deepGini_apfd": 0.6534467141429285,
    "vanillasoftmax_apfd": 0.6574080147426287,
    "pcs_apfd": 0.656791526111944,
    "entropy_apfd": 0.6442181253123438,
    "lgb_apfd": 0.81742371001999,
    "xgb_apfd": 0.8195121189405297,
    "rf_apfd": 0.7754091704147926,
    "lr_apfd": 0.666166526111944
}