{
    "random_apfd": 0.505177648215326,
    "deepGini_apfd": 0.6986362154451093,
    "vanillasoftmax_apfd": 0.7015646100328338,
    "pcs_apfd": 0.7004653242996346,
    "entropy_apfd": 0.6902738657125457,
    "lgb_apfd": 0.8145105303050363,
    "xgb_apfd": 0.8182945225202563,
    "rf_apfd": 0.75809238964942,
    "lr_apfd": 0.7104151634406609
}