{
    "random_apfd": 0.5085936690288646,
    "deepGini_apfd": 0.7025709550059595,
    "vanillasoftmax_apfd": 0.7047041395683267,
    "pcs_apfd": 0.7020774359356377,
    "entropy_apfd": 0.6958612818702389,
    "lgb_apfd": 0.8203535928512204,
    "xgb_apfd": 0.8170034121236461,
    "rf_apfd": 0.7734101722417992,
    "lr_apfd": 0.7072340826942012
}