{
    "random_apfd": 0.49342581313509914,
    "deepGini_apfd": 0.6997440949664057,
    "vanillasoftmax_apfd": 0.7021990306929868,
    "pcs_apfd": 0.6989142147676162,
    "entropy_apfd": 0.6919801817841079,
    "lgb_apfd": 0.8274480381337109,
    "xgb_apfd": 0.8214493013909712,
    "rf_apfd": 0.7905771506607807,
    "lr_apfd": 0.7094714361569215
}