{
    "random_apfd": 0.49498837735526696,
    "deepGini_apfd": 0.7401711542850682,
    "vanillasoftmax_apfd": 0.7447688188782572,
    "pcs_apfd": 0.7459944684215828,
    "entropy_apfd": 0.727556334623697,
    "lgb_apfd": 0.8522053372057302,
    "xgb_apfd": 0.8555022673356554,
    "rf_apfd": 0.8169280388554859,
    "lr_apfd": 0.7885918781224407
}