{
    "random_apfd": 0.5106176149280947,
    "deepGini_apfd": 0.793023102316066,
    "vanillasoftmax_apfd": 0.7969754372980736,
    "pcs_apfd": 0.79999612180629,
    "entropy_apfd": 0.7802972323817978,
    "lgb_apfd": 0.8911815904252544,
    "xgb_apfd": 0.8919750448321233,
    "rf_apfd": 0.8647605514578394,
    "lr_apfd": 0.8041187029189607
}