{
    "random_apfd": 0.4961879362519421,
    "deepGini_apfd": 0.8236934282535576,
    "vanillasoftmax_apfd": 0.8274072179689493,
    "pcs_apfd": 0.8299285141175301,
    "entropy_apfd": 0.8125454055347426,
    "lgb_apfd": 0.8973927325549826,
    "xgb_apfd": 0.8991445850906031,
    "rf_apfd": 0.8675719043437531,
    "lr_apfd": 0.840840449724407
}