{
    "random_apfd": 0.501332951983089,
    "deepGini_apfd": 0.8371230336386135,
    "vanillasoftmax_apfd": 0.8393389223849691,
    "pcs_apfd": 0.8413695543820479,
    "entropy_apfd": 0.8286399903398153,
    "lgb_apfd": 0.9043765229901239,
    "xgb_apfd": 0.9072541627778553,
    "rf_apfd": 0.8775309042380642,
    "lr_apfd": 0.8491673992758345
}