{
    "random_apfd": 0.5015446084295164,
    "deepGini_apfd": 0.8459322363930855,
    "vanillasoftmax_apfd": 0.8500834405045513,
    "pcs_apfd": 0.8534601810576515,
    "entropy_apfd": 0.8312962054217304,
    "lgb_apfd": 0.9054432103191532,
    "xgb_apfd": 0.9095300754480962,
    "rf_apfd": 0.8831101754165634,
    "lr_apfd": 0.855215585555826
}