{
    "random_apfd": 0.5072717847730026,
    "deepGini_apfd": 0.7070483258021457,
    "vanillasoftmax_apfd": 0.7111742191750021,
    "pcs_apfd": 0.7119075246836448,
    "entropy_apfd": 0.6967452218846791,
    "lgb_apfd": 0.7658430601301902,
    "xgb_apfd": 0.7626796167773409,
    "rf_apfd": 0.7380694101122507,
    "lr_apfd": 0.7259818217763954
}