{
    "random_apfd": 0.48340330022868877,
    "deepGini_apfd": 0.6929138821323808,
    "vanillasoftmax_apfd": 0.6961046149867878,
    "pcs_apfd": 0.6938724757371777,
    "entropy_apfd": 0.684082699658179,
    "lgb_apfd": 0.7625287881114191,
    "xgb_apfd": 0.7582832992589839,
    "rf_apfd": 0.740318507624304,
    "lr_apfd": 0.7440433862091815
}