{
    "random_apfd": 0.5034366172301945,
    "deepGini_apfd": 0.685805511346071,
    "vanillasoftmax_apfd": 0.6888154139070952,
    "pcs_apfd": 0.6884927709995959,
    "entropy_apfd": 0.6768091311623159,
    "lgb_apfd": 0.7608101731067117,
    "xgb_apfd": 0.7607337038751498,
    "rf_apfd": 0.7387706773619995,
    "lr_apfd": 0.7440253812420565
}