{
    "random_apfd": 0.5037302228627011,
    "deepGini_apfd": 0.7481073539010537,
    "vanillasoftmax_apfd": 0.7556335929900794,
    "pcs_apfd": 0.7596203230193299,
    "entropy_apfd": 0.733708171941536,
    "lgb_apfd": 0.7930395838381356,
    "xgb_apfd": 0.7923973014866401,
    "rf_apfd": 0.7831784049369949,
    "lr_apfd": 0.786281706894333
}