{
    "random_apfd": 0.503400991390125,
    "deepGini_apfd": 0.6988943425066356,
    "vanillasoftmax_apfd": 0.7039204147794049,
    "pcs_apfd": 0.7058917228993622,
    "entropy_apfd": 0.6886672273429556,
    "lgb_apfd": 0.7661367065247533,
    "xgb_apfd": 0.7641567324071995,
    "rf_apfd": 0.7450783323649425,
    "lr_apfd": 0.7496766757563352
}