{
    "random_apfd": 0.4894635034700005,
    "deepGini_apfd": 0.6773319879903529,
    "vanillasoftmax_apfd": 0.6845308854653738,
    "pcs_apfd": 0.6891593247034502,
    "entropy_apfd": 0.6643282965004675,
    "lgb_apfd": 0.7552468376236648,
    "xgb_apfd": 0.7534103460156518,
    "rf_apfd": 0.7232659349313382,
    "lr_apfd": 0.7174327902741546
}