{
    "random_apfd": 0.5115277526009496,
    "deepGini_apfd": 0.6955694318226836,
    "vanillasoftmax_apfd": 0.6984385898148493,
    "pcs_apfd": 0.6973385458370998,
    "entropy_apfd": 0.6865169782524226,
    "lgb_apfd": 0.7611571030067735,
    "xgb_apfd": 0.7600600602403129,
    "rf_apfd": 0.742447751912672,
    "lr_apfd": 0.7442824924139382
}