{
    "random_apfd": 0.49858285851788836,
    "deepGini_apfd": 0.6999920506011463,
    "vanillasoftmax_apfd": 0.7037781129416213,
    "pcs_apfd": 0.7041130619365594,
    "entropy_apfd": 0.691475236548328,
    "lgb_apfd": 0.763930354672098,
    "xgb_apfd": 0.7625301862307817,
    "rf_apfd": 0.7433641855948299,
    "lr_apfd": 0.7440562129923256
}