{
    "random_apfd": 0.5001622506216692,
    "deepGini_apfd": 0.7050769137920025,
    "vanillasoftmax_apfd": 0.7106306082517779,
    "pcs_apfd": 0.7123921864299003,
    "entropy_apfd": 0.6923618879849697,
    "lgb_apfd": 0.774876387767615,
    "xgb_apfd": 0.7724907350959027,
    "rf_apfd": 0.7474088007186259,
    "lr_apfd": 0.7399828827780806
}