{
    "random_apfd": 0.4895700954624613,
    "deepGini_apfd": 0.7066912946241526,
    "vanillasoftmax_apfd": 0.7115818625231145,
    "pcs_apfd": 0.712010829238684,
    "entropy_apfd": 0.6955203587690044,
    "lgb_apfd": 0.7707334636153297,
    "xgb_apfd": 0.767710724471813,
    "rf_apfd": 0.746751923077758,
    "lr_apfd": 0.734044869571107
}