{
    "random_apfd": 0.5102677091524219,
    "deepGini_apfd": 0.7104812589598641,
    "vanillasoftmax_apfd": 0.7153605856066643,
    "pcs_apfd": 0.7178968995699264,
    "entropy_apfd": 0.6992522914073644,
    "lgb_apfd": 0.7659261449164825,
    "xgb_apfd": 0.765582182345208,
    "rf_apfd": 0.7433890525001028,
    "lr_apfd": 0.7310210505968286
}