{
    "random_apfd": 0.5014129846284221,
    "deepGini_apfd": 0.7413802641180762,
    "vanillasoftmax_apfd": 0.7480423601139332,
    "pcs_apfd": 0.7506938395988795,
    "entropy_apfd": 0.7261925919822979,
    "lgb_apfd": 0.798334843812528,
    "xgb_apfd": 0.7955209387726278,
    "rf_apfd": 0.7784015206798334,
    "lr_apfd": 0.7818368800169487
}