{
    "random_apfd": 0.4999542868248878,
    "deepGini_apfd": 0.6986031203952157,
    "vanillasoftmax_apfd": 0.7021548655279028,
    "pcs_apfd": 0.7017256971507106,
    "entropy_apfd": 0.6906075786693003,
    "lgb_apfd": 0.761780909940087,
    "xgb_apfd": 0.7618695597850984,
    "rf_apfd": 0.7450483012746142,
    "lr_apfd": 0.7479158361941253
}