{
    "random_apfd": 0.5114980949028685,
    "deepGini_apfd": 0.7095394286162373,
    "vanillasoftmax_apfd": 0.7128099665060619,
    "pcs_apfd": 0.7124035722168158,
    "entropy_apfd": 0.6996533643940451,
    "lgb_apfd": 0.7652297636569406,
    "xgb_apfd": 0.7626825855751833,
    "rf_apfd": 0.739363923552939,
    "lr_apfd": 0.7286901812937039
}