{
    "random_apfd": 0.4972616551543388,
    "deepGini_apfd": 0.7067932074391594,
    "vanillasoftmax_apfd": 0.7119047844843936,
    "pcs_apfd": 0.7140650702292235,
    "entropy_apfd": 0.6943252787270802,
    "lgb_apfd": 0.7631731521937795,
    "xgb_apfd": 0.7659772345583645,
    "rf_apfd": 0.7382148793533325,
    "lr_apfd": 0.7283109294121298
}