{
    "random_apfd": 0.48885123822101767,
    "deepGini_apfd": 0.682285521592584,
    "vanillasoftmax_apfd": 0.6887242552365811,
    "pcs_apfd": 0.6899741339650926,
    "entropy_apfd": 0.6692394478157049,
    "lgb_apfd": 0.7558288554162194,
    "xgb_apfd": 0.7549770210089162,
    "rf_apfd": 0.7271677082974735,
    "lr_apfd": 0.7220040856755683
}