{
    "random_apfd": 0.5115566347232638,
    "deepGini_apfd": 0.7038818751678353,
    "vanillasoftmax_apfd": 0.7083207683102442,
    "pcs_apfd": 0.7098820176921319,
    "entropy_apfd": 0.6932577317258215,
    "lgb_apfd": 0.7707368506128109,
    "xgb_apfd": 0.7702601763651263,
    "rf_apfd": 0.7435425196036086,
    "lr_apfd": 0.7340440139360952
}