{
    "random_apfd": 0.49020756163326135,
    "deepGini_apfd": 0.6789286728966809,
    "vanillasoftmax_apfd": 0.6857157407286865,
    "pcs_apfd": 0.6889479786403885,
    "entropy_apfd": 0.6657261402526671,
    "lgb_apfd": 0.7554136108173428,
    "xgb_apfd": 0.7557775558668095,
    "rf_apfd": 0.7250124250571859,
    "lr_apfd": 0.7162997605352615
}