{
    "random_apfd": 0.4996170591950912,
    "deepGini_apfd": 0.746299460837394,
    "vanillasoftmax_apfd": 0.754993457859592,
    "pcs_apfd": 0.7598151845334777,
    "entropy_apfd": 0.7292140407868615,
    "lgb_apfd": 0.7971017190037899,
    "xgb_apfd": 0.79120223109547,
    "rf_apfd": 0.7852906176682909,
    "lr_apfd": 0.783566538079769
}