{
    "random_apfd": 0.49968252796971485,
    "deepGini_apfd": 0.7072418802238092,
    "vanillasoftmax_apfd": 0.7116586025910865,
    "pcs_apfd": 0.7130717821421124,
    "entropy_apfd": 0.6969984735601571,
    "lgb_apfd": 0.7640571466815163,
    "xgb_apfd": 0.764262859976816,
    "rf_apfd": 0.7356219491581414,
    "lr_apfd": 0.7296502573668526
}