{
    "random_apfd": 0.49449287903538036,
    "deepGini_apfd": 0.6786976108172642,
    "vanillasoftmax_apfd": 0.6845458177347727,
    "pcs_apfd": 0.6853511970593724,
    "entropy_apfd": 0.6668855092650436,
    "lgb_apfd": 0.7538514369185728,
    "xgb_apfd": 0.7535026384512037,
    "rf_apfd": 0.7236964693651212,
    "lr_apfd": 0.7188790400078976
}