{
    "random_apfd": 0.49354754410684437,
    "deepGini_apfd": 0.7422755417358617,
    "vanillasoftmax_apfd": 0.7488873601128534,
    "pcs_apfd": 0.751540917938945,
    "entropy_apfd": 0.7278592389123724,
    "lgb_apfd": 0.7905034585108397,
    "xgb_apfd": 0.7884029092000858,
    "rf_apfd": 0.7768062875191717,
    "lr_apfd": 0.7784655890175378
}