{
    "random_apfd": 0.5017072148383603,
    "deepGini_apfd": 0.6969676196796898,
    "vanillasoftmax_apfd": 0.7022505981801351,
    "pcs_apfd": 0.7043889830064446,
    "entropy_apfd": 0.6842008400719563,
    "lgb_apfd": 0.7691921948408055,
    "xgb_apfd": 0.765588705311141,
    "rf_apfd": 0.7371616134271792,
    "lr_apfd": 0.7316683986237491
}