{
    "random_apfd": 0.4948478797797035,
    "deepGini_apfd": 0.7000192363329028,
    "vanillasoftmax_apfd": 0.7049344585968025,
    "pcs_apfd": 0.705991034424501,
    "entropy_apfd": 0.6884583972173626,
    "lgb_apfd": 0.767194305345162,
    "xgb_apfd": 0.767675104246043,
    "rf_apfd": 0.7397042944511386,
    "lr_apfd": 0.7310148992948429
}