{
    "random_apfd": 0.4984614800265748,
    "deepGini_apfd": 0.6935506428302005,
    "vanillasoftmax_apfd": 0.6982875059663618,
    "pcs_apfd": 0.6995558655648602,
    "entropy_apfd": 0.6816095762137676,
    "lgb_apfd": 0.7707122222266133,
    "xgb_apfd": 0.7638812594106047,
    "rf_apfd": 0.7390963228768863,
    "lr_apfd": 0.7316040654251365
}