{
    "random_apfd": 0.5020219346368902,
    "deepGini_apfd": 0.6944445109904764,
    "vanillasoftmax_apfd": 0.6980110455765787,
    "pcs_apfd": 0.6965161555132855,
    "entropy_apfd": 0.685176911295204,
    "lgb_apfd": 0.7596874386112854,
    "xgb_apfd": 0.7589759284369295,
    "rf_apfd": 0.7406411656948284,
    "lr_apfd": 0.7427599248083074
}