{
    "random_apfd": 0.5055819900593295,
    "deepGini_apfd": 0.7023586551390548,
    "vanillasoftmax_apfd": 0.7077044551818281,
    "pcs_apfd": 0.7098877699960058,
    "entropy_apfd": 0.6905589547268711,
    "lgb_apfd": 0.7731069843859778,
    "xgb_apfd": 0.77028707813022,
    "rf_apfd": 0.7437917633822497,
    "lr_apfd": 0.7342635815248663
}