{
    "random_apfd": 0.5004966256003129,
    "deepGini_apfd": 0.6782103248940486,
    "vanillasoftmax_apfd": 0.6850975041269987,
    "pcs_apfd": 0.6878937921897549,
    "entropy_apfd": 0.6647137020262012,
    "lgb_apfd": 0.7521943649535539,
    "xgb_apfd": 0.7526038444227842,
    "rf_apfd": 0.7264197988202775,
    "lr_apfd": 0.719278109945823
}