{
    "random_apfd": 0.4987195039616466,
    "deepGini_apfd": 0.7060013876291731,
    "vanillasoftmax_apfd": 0.7103414192980315,
    "pcs_apfd": 0.7119619843444516,
    "entropy_apfd": 0.6954454632645148,
    "lgb_apfd": 0.7663330813660418,
    "xgb_apfd": 0.7645431873529497,
    "rf_apfd": 0.7360603184513432,
    "lr_apfd": 0.725450773247239
}