{
    "random_apfd": 0.5071870852326799,
    "deepGini_apfd": 0.7428468617660875,
    "vanillasoftmax_apfd": 0.7505084827049431,
    "pcs_apfd": 0.755689805904062,
    "entropy_apfd": 0.7265456574132445,
    "lgb_apfd": 0.7927099470195691,
    "xgb_apfd": 0.793517452224294,
    "rf_apfd": 0.7780338649481492,
    "lr_apfd": 0.783173007195608
}