{
    "random_apfd": 0.5061909324732958,
    "deepGini_apfd": 0.6978513561646622,
    "vanillasoftmax_apfd": 0.7024480036977456,
    "pcs_apfd": 0.7046673435480094,
    "entropy_apfd": 0.6867434044102021,
    "lgb_apfd": 0.7651287740787337,
    "xgb_apfd": 0.7607905013293101,
    "rf_apfd": 0.7373489405551898,
    "lr_apfd": 0.7299608066659828
}