{
    "random_apfd": 0.4925130708126934,
    "deepGini_apfd": 0.6945241981753387,
    "vanillasoftmax_apfd": 0.6991616093867425,
    "pcs_apfd": 0.7006844499753533,
    "entropy_apfd": 0.6842443171257949,
    "lgb_apfd": 0.7624803028711342,
    "xgb_apfd": 0.7584576441021745,
    "rf_apfd": 0.7428809525733541,
    "lr_apfd": 0.7451534961898681
}