{
    "random_apfd": 0.4965318114041312,
    "deepGini_apfd": 0.7077662894258685,
    "vanillasoftmax_apfd": 0.7115564380618968,
    "pcs_apfd": 0.7123771076336507,
    "entropy_apfd": 0.6967454001328139,
    "lgb_apfd": 0.7679561713826146,
    "xgb_apfd": 0.7650756146151461,
    "rf_apfd": 0.739300194665363,
    "lr_apfd": 0.7260790260774491
}