{
    "random_apfd": 0.4907337845705086,
    "deepGini_apfd": 0.7397111204499226,
    "vanillasoftmax_apfd": 0.7471017861303226,
    "pcs_apfd": 0.7522425081281625,
    "entropy_apfd": 0.7245907828867686,
    "lgb_apfd": 0.7902500329092129,
    "xgb_apfd": 0.7905645293211448,
    "rf_apfd": 0.7734894671241093,
    "lr_apfd": 0.7789287128614711
}