{
    "random_apfd": 0.5166374673858757,
    "deepGini_apfd": 0.7070882092342032,
    "vanillasoftmax_apfd": 0.7109800374882029,
    "pcs_apfd": 0.7124999890666697,
    "entropy_apfd": 0.6976429051870343,
    "lgb_apfd": 0.7673654085173267,
    "xgb_apfd": 0.767283189873462,
    "rf_apfd": 0.739760498839755,
    "lr_apfd": 0.7307271626783336
}