{
    "random_apfd": 0.5022586154141115,
    "deepGini_apfd": 0.6990672756867597,
    "vanillasoftmax_apfd": 0.7046959075944441,
    "pcs_apfd": 0.7070857661461518,
    "entropy_apfd": 0.6860243261806365,
    "lgb_apfd": 0.771040882507854,
    "xgb_apfd": 0.7707080680880309,
    "rf_apfd": 0.7417876202557174,
    "lr_apfd": 0.7285819422426325
}