{
    "random_apfd": 0.5040738025385976,
    "deepGini_apfd": 0.6943408098929663,
    "vanillasoftmax_apfd": 0.6984400353871464,
    "pcs_apfd": 0.6999266251297775,
    "entropy_apfd": 0.6842749272581915,
    "lgb_apfd": 0.7614202328139815,
    "xgb_apfd": 0.758502722567425,
    "rf_apfd": 0.7423813531765028,
    "lr_apfd": 0.7456079583296655
}