{
    "random_apfd": 0.5012156096956417,
    "deepGini_apfd": 0.6773901363318041,
    "vanillasoftmax_apfd": 0.6835560709778622,
    "pcs_apfd": 0.685475862386746,
    "entropy_apfd": 0.6648407860141626,
    "lgb_apfd": 0.7554978011575948,
    "xgb_apfd": 0.7545353234866399,
    "rf_apfd": 0.7237868828951074,
    "lr_apfd": 0.7134409430771718
}