{
    "random_apfd": 0.48745955541193114,
    "deepGini_apfd": 0.7116902880766074,
    "vanillasoftmax_apfd": 0.7158370718586902,
    "pcs_apfd": 0.7154594625718227,
    "entropy_apfd": 0.7005604105675253,
    "lgb_apfd": 0.7681439923299787,
    "xgb_apfd": 0.7661662302140098,
    "rf_apfd": 0.7397288934932027,
    "lr_apfd": 0.7275610367919101
}