{
    "random_apfd": 0.5119591631962535,
    "deepGini_apfd": 0.7430759155023898,
    "vanillasoftmax_apfd": 0.7516106349579293,
    "pcs_apfd": 0.7573202167036125,
    "entropy_apfd": 0.7283523397338763,
    "lgb_apfd": 0.7968102844547053,
    "xgb_apfd": 0.7970069317460804,
    "rf_apfd": 0.7798753488857788,
    "lr_apfd": 0.7856774371494826
}