{
    "random_apfd": 0.49779437717828695,
    "deepGini_apfd": 0.6859196439123003,
    "vanillasoftmax_apfd": 0.6913332401522881,
    "pcs_apfd": 0.6915089361538398,
    "entropy_apfd": 0.673872198532163,
    "lgb_apfd": 0.7553148531240319,
    "xgb_apfd": 0.7556038190617794,
    "rf_apfd": 0.724840725194571,
    "lr_apfd": 0.7170604351057493
}