{
    "random_apfd": 0.5113819131233965,
    "deepGini_apfd": 0.678307761047601,
    "vanillasoftmax_apfd": 0.685403841765867,
    "pcs_apfd": 0.6885875575505622,
    "entropy_apfd": 0.6649245472477097,
    "lgb_apfd": 0.7574643804653655,
    "xgb_apfd": 0.7547354244331602,
    "rf_apfd": 0.7275478272898783,
    "lr_apfd": 0.7170233589095942
}