{
    "random_apfd": 0.502472094369204,
    "deepGini_apfd": 0.6949092548700531,
    "vanillasoftmax_apfd": 0.7000095301815857,
    "pcs_apfd": 0.7033353247577618,
    "entropy_apfd": 0.6836330311317818,
    "lgb_apfd": 0.7637501633590351,
    "xgb_apfd": 0.762003687029705,
    "rf_apfd": 0.7346368696892032,
    "lr_apfd": 0.7292856401655256
}