{
    "random_apfd": 0.5073774611020937,
    "deepGini_apfd": 0.7403936242194925,
    "vanillasoftmax_apfd": 0.746435426686806,
    "pcs_apfd": 0.7485520857570873,
    "entropy_apfd": 0.7252739065007969,
    "lgb_apfd": 0.7940605374635133,
    "xgb_apfd": 0.791753734013083,
    "rf_apfd": 0.7767813429770807,
    "lr_apfd": 0.7803242257461688
}