{
    "random_apfd": 0.48726162545870183,
    "deepGini_apfd": 0.744641716012935,
    "vanillasoftmax_apfd": 0.7509761423987451,
    "pcs_apfd": 0.7540884475817207,
    "entropy_apfd": 0.730867325222271,
    "lgb_apfd": 0.7958284668094558,
    "xgb_apfd": 0.7944249783489346,
    "rf_apfd": 0.7799536672875386,
    "lr_apfd": 0.7840821253571149
}