{
    "random_apfd": 0.4949971014089068,
    "deepGini_apfd": 0.708510759604956,
    "vanillasoftmax_apfd": 0.7127002247496157,
    "pcs_apfd": 0.7137863259618012,
    "entropy_apfd": 0.6972754549395299,
    "lgb_apfd": 0.7650574408487214,
    "xgb_apfd": 0.7658469369813219,
    "rf_apfd": 0.739276301014768,
    "lr_apfd": 0.7289249360656108
}