{
    "random_apfd": 0.5083313301597072,
    "deepGini_apfd": 0.7389298447409391,
    "vanillasoftmax_apfd": 0.7463226786961923,
    "pcs_apfd": 0.75138949108906,
    "entropy_apfd": 0.7234424108175869,
    "lgb_apfd": 0.7916389592183803,
    "xgb_apfd": 0.7912854084339974,
    "rf_apfd": 0.775271720205694,
    "lr_apfd": 0.7788395222037755
}