{
    "random_apfd": 0.4989894050270947,
    "deepGini_apfd": 0.6781175624417499,
    "vanillasoftmax_apfd": 0.6847402143763287,
    "pcs_apfd": 0.6863041358976354,
    "entropy_apfd": 0.6645852750040884,
    "lgb_apfd": 0.7563199894574224,
    "xgb_apfd": 0.7560002588012263,
    "rf_apfd": 0.7229880189321829,
    "lr_apfd": 0.7138527722692104
}