{
    "random_apfd": 0.5187807278841658,
    "deepGini_apfd": 0.6750353828718697,
    "vanillasoftmax_apfd": 0.6814938741851413,
    "pcs_apfd": 0.6836394883575158,
    "entropy_apfd": 0.6622292261925805,
    "lgb_apfd": 0.7554278894489328,
    "xgb_apfd": 0.7530214966587367,
    "rf_apfd": 0.7222406821793863,
    "lr_apfd": 0.7155216108611017
}