{
    "random_apfd": 0.5066492575566997,
    "deepGini_apfd": 0.6905127212765125,
    "vanillasoftmax_apfd": 0.6951137493541062,
    "pcs_apfd": 0.6950427267730427,
    "entropy_apfd": 0.6793588822486778,
    "lgb_apfd": 0.7626269914628798,
    "xgb_apfd": 0.762565850284399,
    "rf_apfd": 0.7416090423068133,
    "lr_apfd": 0.7471743305864407
}