{
    "random_apfd": 0.5026147625552198,
    "deepGini_apfd": 0.5886656601869997,
    "vanillasoftmax_apfd": 0.5892048827930382,
    "pcs_apfd": 0.5846502941591656,
    "entropy_apfd": 0.5858312383747966,
    "lgb_apfd": 0.7285765405470488,
    "xgb_apfd": 0.7264100489504102,
    "rf_apfd": 0.6950962141279436,
    "lr_apfd": 0.6099766302271896
}