{
    "random_apfd": 0.499892837298456,
    "deepGini_apfd": 0.5527003151384834,
    "vanillasoftmax_apfd": 0.5523320782043188,
    "pcs_apfd": 0.5488001270746206,
    "entropy_apfd": 0.5523320782043188,
    "lgb_apfd": 0.6952380101067888,
    "xgb_apfd": 0.6909025955772115,
    "rf_apfd": 0.6797488385741339,
    "lr_apfd": 0.6006093376009364
}