{
    "random_apfd": 0.5000175405381325,
    "deepGini_apfd": 0.5962095732359229,
    "vanillasoftmax_apfd": 0.598447244743407,
    "pcs_apfd": 0.5983264099251604,
    "entropy_apfd": 0.5909543723271561,
    "lgb_apfd": 0.7480822344975053,
    "xgb_apfd": 0.7471854396828226,
    "rf_apfd": 0.7227161105666429,
    "lr_apfd": 0.6341514277441198
}