{
    "random_apfd": 0.4964438323063719,
    "deepGini_apfd": 0.5500206366413876,
    "vanillasoftmax_apfd": 0.5504061475173581,
    "pcs_apfd": 0.5490632646165868,
    "entropy_apfd": 0.5475194196600138,
    "lgb_apfd": 0.6885349345712382,
    "xgb_apfd": 0.6868797998706156,
    "rf_apfd": 0.6710956715495375,
    "lr_apfd": 0.5985471684366273
}