{
    "random_apfd": 0.5022949668481214,
    "deepGini_apfd": 0.5456973961162412,
    "vanillasoftmax_apfd": 0.5458128963169827,
    "pcs_apfd": 0.5432803791358667,
    "entropy_apfd": 0.5440768877087121,
    "lgb_apfd": 0.666477395171575,
    "xgb_apfd": 0.666351009169166,
    "rf_apfd": 0.6530970843764022,
    "lr_apfd": 0.5685669893784097
}