{
    "random_apfd": 0.502613137541806,
    "deepGini_apfd": 0.5809740802675585,
    "vanillasoftmax_apfd": 0.5814767976588628,
    "pcs_apfd": 0.5773850334448161,
    "entropy_apfd": 0.5767077759197324,
    "lgb_apfd": 0.7318695129598662,
    "xgb_apfd": 0.728169418896321,
    "rf_apfd": 0.6911546300167224,
    "lr_apfd": 0.6106864025919732
}