{
    "random_apfd": 0.5034038796943332,
    "deepGini_apfd": 0.5335343477393155,
    "vanillasoftmax_apfd": 0.5344497861084758,
    "pcs_apfd": 0.533468546087188,
    "entropy_apfd": 0.5326275865110952,
    "lgb_apfd": 0.6656618959263716,
    "xgb_apfd": 0.6648603450320476,
    "rf_apfd": 0.6550248057766619,
    "lr_apfd": 0.6177685972823195
}