{
    "random_apfd": 0.5003245201105255,
    "deepGini_apfd": 0.5862231348814229,
    "vanillasoftmax_apfd": 0.5900275970758307,
    "pcs_apfd": 0.5900922151771337,
    "entropy_apfd": 0.5798130764163373,
    "lgb_apfd": 0.7541664379300249,
    "xgb_apfd": 0.7520603453008344,
    "rf_apfd": 0.7269693653015663,
    "lr_apfd": 0.632512854999268
}