{
    "random_apfd": 0.5042975608024373,
    "deepGini_apfd": 0.5551528371243416,
    "vanillasoftmax_apfd": 0.5547451880873696,
    "pcs_apfd": 0.5502644776928638,
    "entropy_apfd": 0.5537439165289683,
    "lgb_apfd": 0.6868216607069091,
    "xgb_apfd": 0.6860505363781886,
    "rf_apfd": 0.6720119587808531,
    "lr_apfd": 0.5956373686486626
}