{
    "random_apfd": 0.49571161684782605,
    "deepGini_apfd": 0.5546963122949138,
    "vanillasoftmax_apfd": 0.5548389112489746,
    "pcs_apfd": 0.5518619578035275,
    "entropy_apfd": 0.5524808212417965,
    "lgb_apfd": 0.686668439807219,
    "xgb_apfd": 0.6859750724210418,
    "rf_apfd": 0.6725719724159147,
    "lr_apfd": 0.5957469861951394
}