{
    "random_apfd": 0.5018541442197997,
    "deepGini_apfd": 0.5587193204145011,
    "vanillasoftmax_apfd": 0.5582053531816453,
    "pcs_apfd": 0.5527703725123589,
    "entropy_apfd": 0.557018178001014,
    "lgb_apfd": 0.6896569788629737,
    "xgb_apfd": 0.6884323702307009,
    "rf_apfd": 0.6766909422930663,
    "lr_apfd": 0.5956411815502598
}