{
    "random_apfd": 0.5058757425071478,
    "deepGini_apfd": 0.5928137785911466,
    "vanillasoftmax_apfd": 0.5938207333053994,
    "pcs_apfd": 0.5893834058381806,
    "entropy_apfd": 0.5866726899092971,
    "lgb_apfd": 0.7281428951411482,
    "xgb_apfd": 0.7241006985523678,
    "rf_apfd": 0.6963216370485392,
    "lr_apfd": 0.6114062397301916
}