{
    "random_apfd": 0.501660899850018,
    "deepGini_apfd": 0.5823966762946238,
    "vanillasoftmax_apfd": 0.5854058420822758,
    "pcs_apfd": 0.5839212172841745,
    "entropy_apfd": 0.5755936696525694,
    "lgb_apfd": 0.7270524390595643,
    "xgb_apfd": 0.726858523626265,
    "rf_apfd": 0.689728224816231,
    "lr_apfd": 0.6023148558278669
}