{
    "random_apfd": 0.5003349977853859,
    "deepGini_apfd": 0.5408590682460257,
    "vanillasoftmax_apfd": 0.5410543433370044,
    "pcs_apfd": 0.5387267540341889,
    "entropy_apfd": 0.5392936877513886,
    "lgb_apfd": 0.6724335166874162,
    "xgb_apfd": 0.670115466685022,
    "rf_apfd": 0.6585063251173147,
    "lr_apfd": 0.5692349331425972
}