{
    "random_apfd": 0.490481056451028,
    "deepGini_apfd": 0.5901046671592269,
    "vanillasoftmax_apfd": 0.5937243615603582,
    "pcs_apfd": 0.5943360012419769,
    "entropy_apfd": 0.5849455331888893,
    "lgb_apfd": 0.7501191266725895,
    "xgb_apfd": 0.7448633881948725,
    "rf_apfd": 0.7194776500797766,
    "lr_apfd": 0.633397084753599
}