{
    "random_apfd": 0.5048152848118623,
    "deepGini_apfd": 0.5955196468076938,
    "vanillasoftmax_apfd": 0.5983913054905474,
    "pcs_apfd": 0.5983398830310455,
    "entropy_apfd": 0.5895517847021612,
    "lgb_apfd": 0.7526261164387318,
    "xgb_apfd": 0.7530100708030132,
    "rf_apfd": 0.7272188505594763,
    "lr_apfd": 0.6411747917961751
}