{
    "random_apfd": 0.49585178045589995,
    "deepGini_apfd": 0.5326525984596072,
    "vanillasoftmax_apfd": 0.533023251806706,
    "pcs_apfd": 0.5309269156655483,
    "entropy_apfd": 0.5316269775510922,
    "lgb_apfd": 0.6680629714739905,
    "xgb_apfd": 0.66659227325254,
    "rf_apfd": 0.6563433965778174,
    "lr_apfd": 0.619063222242427
}