{
    "random_apfd": 0.5046122864906832,
    "deepGini_apfd": 0.5455230231724797,
    "vanillasoftmax_apfd": 0.5457400785355948,
    "pcs_apfd": 0.5435872551361682,
    "entropy_apfd": 0.5440741832895366,
    "lgb_apfd": 0.6684347751433349,
    "xgb_apfd": 0.6689295419254658,
    "rf_apfd": 0.653865563784042,
    "lr_apfd": 0.5703134331700908
}