{
    "random_apfd": 0.5042421040506996,
    "deepGini_apfd": 0.5878015928238303,
    "vanillasoftmax_apfd": 0.5886778104784113,
    "pcs_apfd": 0.5879341126636076,
    "entropy_apfd": 0.5834337271513464,
    "lgb_apfd": 0.758836516943734,
    "xgb_apfd": 0.757488693207462,
    "rf_apfd": 0.7260568089927787,
    "lr_apfd": 0.6306046195652174
}