{
    "random_apfd": 0.4986421150254229,
    "deepGini_apfd": 0.5547754585192487,
    "vanillasoftmax_apfd": 0.5550243365414548,
    "pcs_apfd": 0.5515315321158036,
    "entropy_apfd": 0.5535166788808759,
    "lgb_apfd": 0.6943583324686106,
    "xgb_apfd": 0.6907139313323649,
    "rf_apfd": 0.6792219683900591,
    "lr_apfd": 0.5975459978468403
}