{
    "random_apfd": 0.498436814154692,
    "deepGini_apfd": 0.5380844484937393,
    "vanillasoftmax_apfd": 0.5379813912119391,
    "pcs_apfd": 0.5349329893037009,
    "entropy_apfd": 0.5367468696576261,
    "lgb_apfd": 0.6644189590745275,
    "xgb_apfd": 0.6631062872522293,
    "rf_apfd": 0.6551271990366401,
    "lr_apfd": 0.6182761891835697
}