{
    "random_apfd": 0.4970605984098445,
    "deepGini_apfd": 0.5313060042380797,
    "vanillasoftmax_apfd": 0.5320019526689395,
    "pcs_apfd": 0.530577949143044,
    "entropy_apfd": 0.5297822146593191,
    "lgb_apfd": 0.6679278869728669,
    "xgb_apfd": 0.6659250513706627,
    "rf_apfd": 0.6565079478587774,
    "lr_apfd": 0.6172825430229301
}