{
    "random_apfd": 0.5011855032542619,
    "deepGini_apfd": 0.5830980222512224,
    "vanillasoftmax_apfd": 0.5834660883606448,
    "pcs_apfd": 0.5797020574534162,
    "entropy_apfd": 0.5780689899398705,
    "lgb_apfd": 0.7257915228128717,
    "xgb_apfd": 0.7219498005319149,
    "rf_apfd": 0.6911881463096339,
    "lr_apfd": 0.6033630814721818
}