{
    "random_apfd": 0.5079674062350692,
    "deepGini_apfd": 0.5469214718705208,
    "vanillasoftmax_apfd": 0.5477139199116101,
    "pcs_apfd": 0.546118945592451,
    "entropy_apfd": 0.5445301301958911,
    "lgb_apfd": 0.6703709164476828,
    "xgb_apfd": 0.670771433050645,
    "rf_apfd": 0.6573442352484472,
    "lr_apfd": 0.5677397500597229
}