{
    "random_apfd": 0.4967081955160825,
    "deepGini_apfd": 0.5388627081311685,
    "vanillasoftmax_apfd": 0.5393911719545099,
    "pcs_apfd": 0.5375132578223001,
    "entropy_apfd": 0.5369461484639417,
    "lgb_apfd": 0.6664404947516035,
    "xgb_apfd": 0.663784307619938,
    "rf_apfd": 0.6534700177214741,
    "lr_apfd": 0.5715192946616647
}