{
    "random_apfd": 0.48374811896826186,
    "deepGini_apfd": 0.5914493634547142,
    "vanillasoftmax_apfd": 0.5920623828889331,
    "pcs_apfd": 0.5882497958329187,
    "entropy_apfd": 0.5880831975674062,
    "lgb_apfd": 0.7276368385815674,
    "xgb_apfd": 0.7293797725350711,
    "rf_apfd": 0.6966915346317115,
    "lr_apfd": 0.6114447826501509
}