{
    "random_apfd": 0.4995093498282226,
    "deepGini_apfd": 0.538854034883586,
    "vanillasoftmax_apfd": 0.5381897393451566,
    "pcs_apfd": 0.5350800817973955,
    "entropy_apfd": 0.5383788903816245,
    "lgb_apfd": 0.6667941275041203,
    "xgb_apfd": 0.664839143637271,
    "rf_apfd": 0.6552666140985166,
    "lr_apfd": 0.6212020176594164
}