{
    "random_apfd": 0.5003102593799109,
    "deepGini_apfd": 0.582399826889078,
    "vanillasoftmax_apfd": 0.5851348669133054,
    "pcs_apfd": 0.5836142634396281,
    "entropy_apfd": 0.5762171478031692,
    "lgb_apfd": 0.7287225498461236,
    "xgb_apfd": 0.7240144340950759,
    "rf_apfd": 0.695252903598088,
    "lr_apfd": 0.61024387973088
}