{
    "random_apfd": 0.4965554015775778,
    "deepGini_apfd": 0.5964751560862337,
    "vanillasoftmax_apfd": 0.5985259055712169,
    "pcs_apfd": 0.5971632569391738,
    "entropy_apfd": 0.5917552981224474,
    "lgb_apfd": 0.7524716006631971,
    "xgb_apfd": 0.7514805321388558,
    "rf_apfd": 0.7260261653384654,
    "lr_apfd": 0.6424519825888177
}