{
    "random_apfd": 0.5035615782574425,
    "deepGini_apfd": 0.5293093249503074,
    "vanillasoftmax_apfd": 0.5303072844079142,
    "pcs_apfd": 0.5296097302028833,
    "entropy_apfd": 0.5285300205339396,
    "lgb_apfd": 0.6618024993431424,
    "xgb_apfd": 0.6594877903024972,
    "rf_apfd": 0.6521366970629898,
    "lr_apfd": 0.614568012605954
}