{
    "random_apfd": 0.5019741498322382,
    "deepGini_apfd": 0.5246514792744303,
    "vanillasoftmax_apfd": 0.5239042330723706,
    "pcs_apfd": 0.5212625675707163,
    "entropy_apfd": 0.525275306980754,
    "lgb_apfd": 0.6651035477538562,
    "xgb_apfd": 0.6634439512558833,
    "rf_apfd": 0.6556718626217437,
    "lr_apfd": 0.6175586656531059
}