{
    "random_apfd": 0.5060058696529224,
    "deepGini_apfd": 0.5356832104976963,
    "vanillasoftmax_apfd": 0.5359888987475735,
    "pcs_apfd": 0.5342839513120659,
    "entropy_apfd": 0.5347429404834296,
    "lgb_apfd": 0.6655579605386253,
    "xgb_apfd": 0.6628846044214982,
    "rf_apfd": 0.6549454804184109,
    "lr_apfd": 0.562789152214842
}