{
    "random_apfd": 0.4942929214183892,
    "deepGini_apfd": 0.5938638742872416,
    "vanillasoftmax_apfd": 0.5968538399857448,
    "pcs_apfd": 0.5968741647362794,
    "entropy_apfd": 0.5878176786350677,
    "lgb_apfd": 0.7481899835174626,
    "xgb_apfd": 0.7460113373129009,
    "rf_apfd": 0.7191921329294368,
    "lr_apfd": 0.6335169057377049
}