{
    "random_apfd": 0.5053613096644612,
    "deepGini_apfd": 0.5414254489603024,
    "vanillasoftmax_apfd": 0.5418432109522684,
    "pcs_apfd": 0.5413931430174859,
    "entropy_apfd": 0.5397769228497165,
    "lgb_apfd": 0.6681537245982987,
    "xgb_apfd": 0.6666477138468809,
    "rf_apfd": 0.6558211616847827,
    "lr_apfd": 0.5682561805883743
}