{
    "random_apfd": 0.49201449927290797,
    "deepGini_apfd": 0.5936739256985606,
    "vanillasoftmax_apfd": 0.5947967766354968,
    "pcs_apfd": 0.5935557157254353,
    "entropy_apfd": 0.5886625131152671,
    "lgb_apfd": 0.7563219326381475,
    "xgb_apfd": 0.7518080948809042,
    "rf_apfd": 0.7278051427953466,
    "lr_apfd": 0.642263689347642
}