{
    "random_apfd": 0.5028004544208988,
    "deepGini_apfd": 0.5849775643953233,
    "vanillasoftmax_apfd": 0.5870290235659481,
    "pcs_apfd": 0.5860562431494336,
    "entropy_apfd": 0.5811072798684691,
    "lgb_apfd": 0.7551382101753745,
    "xgb_apfd": 0.7520820012787723,
    "rf_apfd": 0.722346547314578,
    "lr_apfd": 0.6303976753744975
}