{
    "random_apfd": 0.5034914751880388,
    "deepGini_apfd": 0.5930031473582829,
    "vanillasoftmax_apfd": 0.595720825307283,
    "pcs_apfd": 0.5952260766373143,
    "entropy_apfd": 0.5871834009814713,
    "lgb_apfd": 0.7574391453403045,
    "xgb_apfd": 0.7544061582737113,
    "rf_apfd": 0.7295018975875986,
    "lr_apfd": 0.6404101598330582
}