{
    "random_apfd": 0.5025422297297297,
    "deepGini_apfd": 0.5425053246180964,
    "vanillasoftmax_apfd": 0.542865562573443,
    "pcs_apfd": 0.5422697561692127,
    "entropy_apfd": 0.5412516524676851,
    "lgb_apfd": 0.665695321680376,
    "xgb_apfd": 0.6643377276733256,
    "rf_apfd": 0.6514018434195065,
    "lr_apfd": 0.5689435223266746
}