{
    "random_apfd": 0.5033370272643469,
    "deepGini_apfd": 0.5315088121951503,
    "vanillasoftmax_apfd": 0.5317848542264697,
    "pcs_apfd": 0.5298877489848071,
    "entropy_apfd": 0.5312187310380638,
    "lgb_apfd": 0.6662875191077972,
    "xgb_apfd": 0.6632587144682489,
    "rf_apfd": 0.6567832132896917,
    "lr_apfd": 0.6204415687939042
}