{
    "random_apfd": 0.50187138847877,
    "deepGini_apfd": 0.555215505994807,
    "vanillasoftmax_apfd": 0.5554072189059158,
    "pcs_apfd": 0.551114162254353,
    "entropy_apfd": 0.553885050211282,
    "lgb_apfd": 0.6877969163654414,
    "xgb_apfd": 0.6862866800096732,
    "rf_apfd": 0.6757084627329193,
    "lr_apfd": 0.5983059658512371
}