{
    "random_apfd": 0.4947428929765886,
    "deepGini_apfd": 0.5586015886287625,
    "vanillasoftmax_apfd": 0.558865891111397,
    "pcs_apfd": 0.5554970896578337,
    "entropy_apfd": 0.5562827614484178,
    "lgb_apfd": 0.69094377090301,
    "xgb_apfd": 0.6887314686776433,
    "rf_apfd": 0.6791267365577567,
    "lr_apfd": 0.5982927868536145
}