{
    "random_apfd": 0.5098986639492753,
    "deepGini_apfd": 0.5857048748353095,
    "vanillasoftmax_apfd": 0.5856593276515152,
    "pcs_apfd": 0.580662261198946,
    "entropy_apfd": 0.582237627635046,
    "lgb_apfd": 0.7282984395586298,
    "xgb_apfd": 0.7264127346837945,
    "rf_apfd": 0.6902912446475626,
    "lr_apfd": 0.6118085577239789
}