{
    "random_apfd": 0.5041650491718426,
    "deepGini_apfd": 0.5320290327599042,
    "vanillasoftmax_apfd": 0.5328357810210063,
    "pcs_apfd": 0.5323578022134599,
    "entropy_apfd": 0.5304640610824203,
    "lgb_apfd": 0.6656586402575198,
    "xgb_apfd": 0.6652339115604717,
    "rf_apfd": 0.6533751301265498,
    "lr_apfd": 0.6131534860830019
}