{
    "random_apfd": 0.5002443952033369,
    "deepGini_apfd": 0.5340695768350183,
    "vanillasoftmax_apfd": 0.5337359242530716,
    "pcs_apfd": 0.531179160810627,
    "entropy_apfd": 0.5345643885727887,
    "lgb_apfd": 0.6582558116470961,
    "xgb_apfd": 0.6559397243505463,
    "rf_apfd": 0.6466883033164075,
    "lr_apfd": 0.6091534504352359
}