{
    "random_apfd": 0.5045063940506134,
    "deepGini_apfd": 0.5569246557543247,
    "vanillasoftmax_apfd": 0.5560836921230943,
    "pcs_apfd": 0.5520659552897695,
    "entropy_apfd": 0.5553760715569016,
    "lgb_apfd": 0.6891556596812278,
    "xgb_apfd": 0.6856269810969663,
    "rf_apfd": 0.6750218963348904,
    "lr_apfd": 0.597182631474257
}