{
    "random_apfd": 0.50221249807906,
    "deepGini_apfd": 0.5390627770586567,
    "vanillasoftmax_apfd": 0.5396636249320282,
    "pcs_apfd": 0.5392766663415844,
    "entropy_apfd": 0.5367613431508145,
    "lgb_apfd": 0.6686536389992198,
    "xgb_apfd": 0.6671746998900632,
    "rf_apfd": 0.6525075840189611,
    "lr_apfd": 0.5634851282301345
}