{
    "random_apfd": 0.5031442787896592,
    "deepGini_apfd": 0.5509977871302304,
    "vanillasoftmax_apfd": 0.5522706662238799,
    "pcs_apfd": 0.5499362562586216,
    "entropy_apfd": 0.5481406944515403,
    "lgb_apfd": 0.6876071709114597,
    "xgb_apfd": 0.6846191580876717,
    "rf_apfd": 0.6739619389592806,
    "lr_apfd": 0.5968354046390436
}