{
    "random_apfd": 0.5017768562377702,
    "deepGini_apfd": 0.5433481333221972,
    "vanillasoftmax_apfd": 0.5445226369732258,
    "pcs_apfd": 0.543241309418699,
    "entropy_apfd": 0.5420153513220064,
    "lgb_apfd": 0.6707834573211473,
    "xgb_apfd": 0.6680256108910418,
    "rf_apfd": 0.6573476948408342,
    "lr_apfd": 0.5651271595952847
}