{
    "random_apfd": 0.5014957592842508,
    "deepGini_apfd": 0.5946947101313778,
    "vanillasoftmax_apfd": 0.5969382855435595,
    "pcs_apfd": 0.5935951523934181,
    "entropy_apfd": 0.5873979453920197,
    "lgb_apfd": 0.7267115043006731,
    "xgb_apfd": 0.7261126924734155,
    "rf_apfd": 0.6936859014747487,
    "lr_apfd": 0.6152087787795519
}