{
    "random_apfd": 0.49701517312610666,
    "deepGini_apfd": 0.5880877434585874,
    "vanillasoftmax_apfd": 0.5886513050036069,
    "pcs_apfd": 0.5845280838087743,
    "entropy_apfd": 0.5826911293363499,
    "lgb_apfd": 0.7295217104400289,
    "xgb_apfd": 0.7240999922126041,
    "rf_apfd": 0.6919126868975014,
    "lr_apfd": 0.6092469178306774
}