{
    "random_apfd": 0.5011837196313148,
    "deepGini_apfd": 0.6416747147988744,
    "vanillasoftmax_apfd": 0.6462032426269638,
    "pcs_apfd": 0.6491110059623689,
    "entropy_apfd": 0.6331035096384946,
    "lgb_apfd": 0.7876810730829755,
    "xgb_apfd": 0.7879555083325928,
    "rf_apfd": 0.7638021795069059,
    "lr_apfd": 0.6701583319472594
}