{
    "random_apfd": 0.5022387928318627,
    "deepGini_apfd": 0.6415738644592318,
    "vanillasoftmax_apfd": 0.6447256824213237,
    "pcs_apfd": 0.6448968160690262,
    "entropy_apfd": 0.6333428802014552,
    "lgb_apfd": 0.7738817618040547,
    "xgb_apfd": 0.7740936741655352,
    "rf_apfd": 0.7492277677488811,
    "lr_apfd": 0.7369724668359408
}