{
    "random_apfd": 0.4978391238228164,
    "deepGini_apfd": 0.6413782105999988,
    "vanillasoftmax_apfd": 0.646108690024013,
    "pcs_apfd": 0.6491691143823445,
    "entropy_apfd": 0.6323985345601472,
    "lgb_apfd": 0.7863519894222372,
    "xgb_apfd": 0.7872754910838066,
    "rf_apfd": 0.761889874569059,
    "lr_apfd": 0.6699553786614857
}