{
    "random_apfd": 0.49794914646781413,
    "deepGini_apfd": 0.7500597191092347,
    "vanillasoftmax_apfd": 0.7557897520423463,
    "pcs_apfd": 0.7586970431967044,
    "entropy_apfd": 0.7341588380925999,
    "lgb_apfd": 0.8617813821600413,
    "xgb_apfd": 0.8635504269237589,
    "rf_apfd": 0.8234413936408146,
    "lr_apfd": 0.7830952713628567
}