{
    "random_apfd": 0.49945207033713684,
    "deepGini_apfd": 0.6394456227931701,
    "vanillasoftmax_apfd": 0.6422323953806892,
    "pcs_apfd": 0.6424913838550353,
    "entropy_apfd": 0.6309122287779237,
    "lgb_apfd": 0.7746094406909364,
    "xgb_apfd": 0.7753701598053498,
    "rf_apfd": 0.7492706509563866,
    "lr_apfd": 0.7363418639515974
}