{
    "random_apfd": 0.492681140185734,
    "deepGini_apfd": 0.7527758699100492,
    "vanillasoftmax_apfd": 0.7597705586715111,
    "pcs_apfd": 0.7638228311194878,
    "entropy_apfd": 0.7353467575265488,
    "lgb_apfd": 0.8627238237707994,
    "xgb_apfd": 0.8639921732296786,
    "rf_apfd": 0.8254624997861885,
    "lr_apfd": 0.7862102901581035
}