{
    "random_apfd": 0.49747867401364915,
    "deepGini_apfd": 0.6760052110713101,
    "vanillasoftmax_apfd": 0.6836655074465013,
    "pcs_apfd": 0.6916415804588624,
    "entropy_apfd": 0.6606240874105853,
    "lgb_apfd": 0.8359492076011278,
    "xgb_apfd": 0.8357916399591182,
    "rf_apfd": 0.8212692112045062,
    "lr_apfd": 0.7955829662195834
}