{
    "random_apfd": 0.49967481078962533,
    "deepGini_apfd": 0.7201148726743866,
    "vanillasoftmax_apfd": 0.7243202330333336,
    "pcs_apfd": 0.7282440112503278,
    "entropy_apfd": 0.7069608921958864,
    "lgb_apfd": 0.8546730173232039,
    "xgb_apfd": 0.8549655899847759,
    "rf_apfd": 0.8378724771044032,
    "lr_apfd": 0.8234872773789265
}