{
    "random_apfd": 0.4984694279799598,
    "deepGini_apfd": 0.718370020819408,
    "vanillasoftmax_apfd": 0.7236848147091858,
    "pcs_apfd": 0.7293254147453391,
    "entropy_apfd": 0.7042258036609383,
    "lgb_apfd": 0.8544835479180113,
    "xgb_apfd": 0.8545980845318562,
    "rf_apfd": 0.838509754013262,
    "lr_apfd": 0.8243999494652364
}