{
    "random_apfd": 0.5012044356896536,
    "deepGini_apfd": 0.6416945913799684,
    "vanillasoftmax_apfd": 0.64675202607646,
    "pcs_apfd": 0.6497290619767728,
    "entropy_apfd": 0.6326908431733363,
    "lgb_apfd": 0.7885290467493314,
    "xgb_apfd": 0.7892294636133791,
    "rf_apfd": 0.7651864637529112,
    "lr_apfd": 0.6697143477800226
}