{
    "random_apfd": 0.5015599621126955,
    "deepGini_apfd": 0.6397612398481092,
    "vanillasoftmax_apfd": 0.6447381195738021,
    "pcs_apfd": 0.6484137324658144,
    "entropy_apfd": 0.6311219558312005,
    "lgb_apfd": 0.7858727415062083,
    "xgb_apfd": 0.7872236601829424,
    "rf_apfd": 0.7646255307492567,
    "lr_apfd": 0.6687239038001106
}