{
    "random_apfd": 0.49737740239960443,
    "deepGini_apfd": 0.6414067489137966,
    "vanillasoftmax_apfd": 0.6437707009988928,
    "pcs_apfd": 0.6423724873600755,
    "entropy_apfd": 0.6333289029106931,
    "lgb_apfd": 0.7730488211044435,
    "xgb_apfd": 0.773653828737824,
    "rf_apfd": 0.748688820563568,
    "lr_apfd": 0.735681566336557
}