{
    "random_apfd": 0.49530980327832413,
    "deepGini_apfd": 0.7539635359284523,
    "vanillasoftmax_apfd": 0.7604389338700303,
    "pcs_apfd": 0.7636597610248071,
    "entropy_apfd": 0.7369398819786627,
    "lgb_apfd": 0.863636274986155,
    "xgb_apfd": 0.8635640969033047,
    "rf_apfd": 0.8288971974106211,
    "lr_apfd": 0.7844926288490165
}