{
    "random_apfd": 0.49942586131889816,
    "deepGini_apfd": 0.7489592896431537,
    "vanillasoftmax_apfd": 0.7549859482514508,
    "pcs_apfd": 0.758133177729924,
    "entropy_apfd": 0.7321480601786577,
    "lgb_apfd": 0.8622547294203471,
    "xgb_apfd": 0.863490364025696,
    "rf_apfd": 0.822513937176165,
    "lr_apfd": 0.7823084379973904
}