{
    "random_apfd": 0.49203131780724046,
    "deepGini_apfd": 0.6719685361293802,
    "vanillasoftmax_apfd": 0.6794140871877733,
    "pcs_apfd": 0.6877824157335525,
    "entropy_apfd": 0.6559480391023603,
    "lgb_apfd": 0.8372926997618539,
    "xgb_apfd": 0.8372155476071484,
    "rf_apfd": 0.8228071728176103,
    "lr_apfd": 0.7939801156176641
}