{
    "random_apfd": 0.5041318461680341,
    "deepGini_apfd": 0.7195270540581901,
    "vanillasoftmax_apfd": 0.7246109755193654,
    "pcs_apfd": 0.72997200577134,
    "entropy_apfd": 0.7052355430637236,
    "lgb_apfd": 0.8547702522929281,
    "xgb_apfd": 0.8549661420913554,
    "rf_apfd": 0.8372584348703836,
    "lr_apfd": 0.8238400428325187
}