{
    "random_apfd": 0.4970492753738666,
    "deepGini_apfd": 0.64169785209736,
    "vanillasoftmax_apfd": 0.6469138754679228,
    "pcs_apfd": 0.6509282282038272,
    "entropy_apfd": 0.632393881060186,
    "lgb_apfd": 0.7882012569431431,
    "xgb_apfd": 0.7894297551400723,
    "rf_apfd": 0.7636158624487952,
    "lr_apfd": 0.6729472943253839
}