{
    "random_apfd": 0.5057750340900988,
    "deepGini_apfd": 0.7511941820458619,
    "vanillasoftmax_apfd": 0.7579196580607864,
    "pcs_apfd": 0.7618109360986515,
    "entropy_apfd": 0.7339439259040088,
    "lgb_apfd": 0.8622493121856989,
    "xgb_apfd": 0.8632416518537196,
    "rf_apfd": 0.8249350647827095,
    "lr_apfd": 0.783523720868185
}