{
    "random_apfd": 0.5001367420535093,
    "deepGini_apfd": 0.6803936912524925,
    "vanillasoftmax_apfd": 0.6871406361782543,
    "pcs_apfd": 0.6934579071273352,
    "entropy_apfd": 0.6654373385483977,
    "lgb_apfd": 0.8381969026387146,
    "xgb_apfd": 0.8377399500308716,
    "rf_apfd": 0.823440649225736,
    "lr_apfd": 0.7955577272498963
}