{
    "random_apfd": 0.4997662670672252,
    "deepGini_apfd": 0.6745419896528199,
    "vanillasoftmax_apfd": 0.6822946669193747,
    "pcs_apfd": 0.6907405568717541,
    "entropy_apfd": 0.6583093552570631,
    "lgb_apfd": 0.8367001333965544,
    "xgb_apfd": 0.8366283748751621,
    "rf_apfd": 0.8218114180621557,
    "lr_apfd": 0.7922667625103715
}