{
    "random_apfd": 0.5058761689575096,
    "deepGini_apfd": 0.6760556308778206,
    "vanillasoftmax_apfd": 0.6841532216939685,
    "pcs_apfd": 0.6929081962667685,
    "entropy_apfd": 0.6591573482461096,
    "lgb_apfd": 0.836461835354131,
    "xgb_apfd": 0.8367037251178455,
    "rf_apfd": 0.8219455075241059,
    "lr_apfd": 0.7944978066046307
}