{
    "random_apfd": 0.49263457237023695,
    "deepGini_apfd": 0.6394478819838038,
    "vanillasoftmax_apfd": 0.6418124630241773,
    "pcs_apfd": 0.6412441996633922,
    "entropy_apfd": 0.6316664462517859,
    "lgb_apfd": 0.7754201956215684,
    "xgb_apfd": 0.7756415008839673,
    "rf_apfd": 0.7499355563582316,
    "lr_apfd": 0.7374591473829085
}