{
    "random_apfd": 0.500374123058303,
    "deepGini_apfd": 0.6392976163002394,
    "vanillasoftmax_apfd": 0.6417899687224283,
    "pcs_apfd": 0.640871206571943,
    "entropy_apfd": 0.6315379323837934,
    "lgb_apfd": 0.7731997953085871,
    "xgb_apfd": 0.7740911410140716,
    "rf_apfd": 0.7487629738808247,
    "lr_apfd": 0.736056926643941
}