{
    "random_apfd": 0.5008587631997855,
    "deepGini_apfd": 0.6402969519595462,
    "vanillasoftmax_apfd": 0.64322713554661,
    "pcs_apfd": 0.6434939439467652,
    "entropy_apfd": 0.632211459160611,
    "lgb_apfd": 0.7761568721627273,
    "xgb_apfd": 0.7766357054774957,
    "rf_apfd": 0.7494613102306061,
    "lr_apfd": 0.7360421229304223
}