{
    "random_apfd": 0.500182663909388,
    "deepGini_apfd": 0.643348315166488,
    "vanillasoftmax_apfd": 0.6481149762076142,
    "pcs_apfd": 0.6508208602025803,
    "entropy_apfd": 0.6342859275055611,
    "lgb_apfd": 0.788677691555532,
    "xgb_apfd": 0.7895403901657061,
    "rf_apfd": 0.7649120495695133,
    "lr_apfd": 0.6699242077701878
}