{
    "random_apfd": 0.4979423464860387,
    "deepGini_apfd": 0.643047716545082,
    "vanillasoftmax_apfd": 0.6477187167610859,
    "pcs_apfd": 0.6505448641395862,
    "entropy_apfd": 0.6342348975063464,
    "lgb_apfd": 0.788736087438267,
    "xgb_apfd": 0.7897724051451506,
    "rf_apfd": 0.7650590153049857,
    "lr_apfd": 0.6683361188624536
}