{
    "random_apfd": 0.49456081460686924,
    "deepGini_apfd": 0.715310402009489,
    "vanillasoftmax_apfd": 0.7201899986787855,
    "pcs_apfd": 0.725943950896903,
    "entropy_apfd": 0.701403600604153,
    "lgb_apfd": 0.8541063168153964,
    "xgb_apfd": 0.8544365178413941,
    "rf_apfd": 0.8367428406780343,
    "lr_apfd": 0.8225878315234865
}