{
    "random_apfd": 0.4979260662850012,
    "deepGini_apfd": 0.7518854279815054,
    "vanillasoftmax_apfd": 0.7589765188836589,
    "pcs_apfd": 0.7633863098902871,
    "entropy_apfd": 0.7345602484637382,
    "lgb_apfd": 0.8633252869797109,
    "xgb_apfd": 0.8645906658514828,
    "rf_apfd": 0.8269526227965296,
    "lr_apfd": 0.7875520402696338
}