{
    "random_apfd": 0.49620961278478176,
    "deepGini_apfd": 0.6419151806604632,
    "vanillasoftmax_apfd": 0.6444142463554946,
    "pcs_apfd": 0.6440325433381554,
    "entropy_apfd": 0.6338487217942764,
    "lgb_apfd": 0.7749335925863731,
    "xgb_apfd": 0.7753444924914608,
    "rf_apfd": 0.7506770991771029,
    "lr_apfd": 0.7371228020460224
}