{
    "random_apfd": 0.49595672528115514,
    "deepGini_apfd": 0.6761724348741592,
    "vanillasoftmax_apfd": 0.6838980916517222,
    "pcs_apfd": 0.691986227572514,
    "entropy_apfd": 0.6595808011192781,
    "lgb_apfd": 0.8373093566465349,
    "xgb_apfd": 0.837275511673691,
    "rf_apfd": 0.8219419590187425,
    "lr_apfd": 0.7936922928057584
}