{
    "random_apfd": 0.4981794593226238,
    "deepGini_apfd": 0.7146128899271061,
    "vanillasoftmax_apfd": 0.7194451632121308,
    "pcs_apfd": 0.7243802508223688,
    "entropy_apfd": 0.7012181821867749,
    "lgb_apfd": 0.855338546312864,
    "xgb_apfd": 0.8554497988335691,
    "rf_apfd": 0.8384700399550054,
    "lr_apfd": 0.8231612682039294
}