{
    "random_apfd": 0.49823701601081366,
    "deepGini_apfd": 0.7480702525715471,
    "vanillasoftmax_apfd": 0.7549504571331368,
    "pcs_apfd": 0.7590936904917778,
    "entropy_apfd": 0.7305028406746664,
    "lgb_apfd": 0.861358815540208,
    "xgb_apfd": 0.8635073329958639,
    "rf_apfd": 0.8235626071343664,
    "lr_apfd": 0.7843596510775643
}