{
    "random_apfd": 0.4977341966173246,
    "deepGini_apfd": 0.6762820939554646,
    "vanillasoftmax_apfd": 0.6843121972624991,
    "pcs_apfd": 0.6932865471826731,
    "entropy_apfd": 0.659520523448345,
    "lgb_apfd": 0.8354307358003431,
    "xgb_apfd": 0.8356423335898003,
    "rf_apfd": 0.8213876353798452,
    "lr_apfd": 0.793112978850628
}