{
    "random_apfd": 0.5031546016886178,
    "deepGini_apfd": 0.7532959442645968,
    "vanillasoftmax_apfd": 0.7598497694749755,
    "pcs_apfd": 0.7634217632676333,
    "entropy_apfd": 0.7357561010248787,
    "lgb_apfd": 0.862586310868637,
    "xgb_apfd": 0.8641816545507833,
    "rf_apfd": 0.8258196863754207,
    "lr_apfd": 0.7864353692672944
}