{
    "random_apfd": 0.5005505073848219,
    "deepGini_apfd": 0.718925519971992,
    "vanillasoftmax_apfd": 0.7241164704746882,
    "pcs_apfd": 0.7300046449198653,
    "entropy_apfd": 0.7051089818483506,
    "lgb_apfd": 0.854419799852285,
    "xgb_apfd": 0.8541049401996389,
    "rf_apfd": 0.8371421764584764,
    "lr_apfd": 0.8218709310747908
}