{
    "random_apfd": 0.5060696808706634,
    "deepGini_apfd": 0.7227785131170077,
    "vanillasoftmax_apfd": 0.7277273976598833,
    "pcs_apfd": 0.7320951159506477,
    "entropy_apfd": 0.7092180461255394,
    "lgb_apfd": 0.8548448273977354,
    "xgb_apfd": 0.8551646322889427,
    "rf_apfd": 0.8382538022797238,
    "lr_apfd": 0.8240724522862418
}