{
    "random_apfd": 0.49456020665012185,
    "deepGini_apfd": 0.7176558240357059,
    "vanillasoftmax_apfd": 0.723039579154061,
    "pcs_apfd": 0.7287052508176863,
    "entropy_apfd": 0.7034754822709194,
    "lgb_apfd": 0.8545932503306847,
    "xgb_apfd": 0.8547226101640847,
    "rf_apfd": 0.8378279091864477,
    "lr_apfd": 0.8234708552826239
}