{
    "random_apfd": 0.5007500079230293,
    "deepGini_apfd": 0.6815452480570973,
    "vanillasoftmax_apfd": 0.6888115590885017,
    "pcs_apfd": 0.6959946783136232,
    "entropy_apfd": 0.6665821673016483,
    "lgb_apfd": 0.8368888832961625,
    "xgb_apfd": 0.8371471973501249,
    "rf_apfd": 0.8223395477845657,
    "lr_apfd": 0.7966013933345887
}