{
    "random_apfd": 0.502783790148771,
    "deepGini_apfd": 0.6759959151065372,
    "vanillasoftmax_apfd": 0.6835420788875537,
    "pcs_apfd": 0.6913755441123773,
    "entropy_apfd": 0.6602837519216715,
    "lgb_apfd": 0.8356305164983363,
    "xgb_apfd": 0.8357729708239902,
    "rf_apfd": 0.8215060415131585,
    "lr_apfd": 0.7941967808239818
}