{
    "random_apfd": 0.4954506527995884,
    "deepGini_apfd": 0.7148379404217385,
    "vanillasoftmax_apfd": 0.71986660883416,
    "pcs_apfd": 0.7249343604287583,
    "entropy_apfd": 0.700693348021777,
    "lgb_apfd": 0.8551098816156569,
    "xgb_apfd": 0.8547918705685172,
    "rf_apfd": 0.8375205205114107,
    "lr_apfd": 0.8239683313716639
}