{
    "random_apfd": 0.49816269807396213,
    "deepGini_apfd": 0.6828904445713397,
    "vanillasoftmax_apfd": 0.6898853787592335,
    "pcs_apfd": 0.697029875410154,
    "entropy_apfd": 0.6674326093215833,
    "lgb_apfd": 0.8355346929958235,
    "xgb_apfd": 0.8354703123133359,
    "rf_apfd": 0.8220396596303486,
    "lr_apfd": 0.7948042940245996
}