{
    "random_apfd": 0.4998076465489482,
    "deepGini_apfd": 0.7532727538032861,
    "vanillasoftmax_apfd": 0.7596435763418278,
    "pcs_apfd": 0.7631345958189978,
    "entropy_apfd": 0.7366804975949662,
    "lgb_apfd": 0.8607022574188782,
    "xgb_apfd": 0.8622946889616528,
    "rf_apfd": 0.8253590818432056,
    "lr_apfd": 0.7832545913802277
}