{
    "random_apfd": 0.49857821014305753,
    "deepGini_apfd": 0.6416836889659562,
    "vanillasoftmax_apfd": 0.644483376560338,
    "pcs_apfd": 0.6443414641664974,
    "entropy_apfd": 0.6333323852489942,
    "lgb_apfd": 0.7742525660648734,
    "xgb_apfd": 0.7742015496647795,
    "rf_apfd": 0.7479990188691895,
    "lr_apfd": 0.7358414112939629
}