{
    "random_apfd": 0.4939921657233784,
    "deepGini_apfd": 0.6402590307697799,
    "vanillasoftmax_apfd": 0.6450669482379031,
    "pcs_apfd": 0.6484386554973461,
    "entropy_apfd": 0.6314733682589964,
    "lgb_apfd": 0.787272010366941,
    "xgb_apfd": 0.7877347027934377,
    "rf_apfd": 0.763842979732532,
    "lr_apfd": 0.6666630288844341
}