{
    "random_apfd": 0.4985025822804519,
    "deepGini_apfd": 0.6407536802413719,
    "vanillasoftmax_apfd": 0.6432920303970622,
    "pcs_apfd": 0.6426150892169294,
    "entropy_apfd": 0.6331647571995928,
    "lgb_apfd": 0.777572130792935,
    "xgb_apfd": 0.7776647811068303,
    "rf_apfd": 0.7521019453890662,
    "lr_apfd": 0.7391544363517764
}