{
    "random_apfd": 0.49793117360204625,
    "deepGini_apfd": 0.6436131126557799,
    "vanillasoftmax_apfd": 0.6480893463687964,
    "pcs_apfd": 0.6504977705608196,
    "entropy_apfd": 0.6351122657097151,
    "lgb_apfd": 0.7853983107542161,
    "xgb_apfd": 0.7868118479502602,
    "rf_apfd": 0.7616284402573102,
    "lr_apfd": 0.6690128022560432
}