{
    "random_apfd": 0.5026635896690274,
    "deepGini_apfd": 0.6427386870664012,
    "vanillasoftmax_apfd": 0.6478218395554814,
    "pcs_apfd": 0.6512614745451263,
    "entropy_apfd": 0.6333794660423093,
    "lgb_apfd": 0.7887167085941575,
    "xgb_apfd": 0.7895329034403117,
    "rf_apfd": 0.7646624333507693,
    "lr_apfd": 0.6697729791229124
}