{
    "random_apfd": 0.49966691734156893,
    "deepGini_apfd": 0.6448171593860098,
    "vanillasoftmax_apfd": 0.6471660604229973,
    "pcs_apfd": 0.6459452377556483,
    "entropy_apfd": 0.6368775663551117,
    "lgb_apfd": 0.7766402854442374,
    "xgb_apfd": 0.7772668763111906,
    "rf_apfd": 0.7517464784913049,
    "lr_apfd": 0.7381545138726807
}