{
    "random_apfd": 0.49924932403850103,
    "deepGini_apfd": 0.7147480903707443,
    "vanillasoftmax_apfd": 0.7199678500054677,
    "pcs_apfd": 0.7260544487488166,
    "entropy_apfd": 0.7001325289602932,
    "lgb_apfd": 0.85536452215164,
    "xgb_apfd": 0.855211843803967,
    "rf_apfd": 0.8384782968989974,
    "lr_apfd": 0.8245084506500997
}