{
    "random_apfd": 0.49879433729918615,
    "deepGini_apfd": 0.7526479090615338,
    "vanillasoftmax_apfd": 0.7599095806589186,
    "pcs_apfd": 0.764325579997312,
    "entropy_apfd": 0.7351285376172627,
    "lgb_apfd": 0.8615935074359867,
    "xgb_apfd": 0.8626895781450549,
    "rf_apfd": 0.8252109767312126,
    "lr_apfd": 0.7875449748544937
}