{
    "f23": 348.2757873535156,
    "f141": 203.0908966064453,
    "f143": 197.87265014648438,
    "f112": 195.55197143554688,
    "f137": 187.43751525878906,
    "f145": 178.85227966308594,
    "f22": 171.68568420410156,
    "f123": 169.10498046875,
    "f131": 167.83245849609375,
    "f136": 155.41854858398438,
    "f147": 153.74859619140625,
    "f21": 147.4364776611328,
    "f128": 144.52183532714844,
    "f126": 136.10195922851562,
    "f130": 134.5654754638672,
    "f120": 129.88055419921875,
    "f127": 127.3164291381836,
    "f142": 125.9203109741211,
    "f119": 124.17522430419922,
    "f140": 117.6430435180664,
    "f66": 109.27293395996094,
    "f114": 108.79155731201172,
    "f31": 106.06112670898438,
    "f99": 104.39466094970703,
    "f104": 104.03543853759766,
    "f46": 102.12108612060547,
    "f79": 101.13912963867188,
    "f118": 98.5905990600586,
    "f75": 97.65650177001953,
    "f109": 95.98477935791016,
    "f105": 95.0591812133789,
    "f69": 94.31859588623047,
    "f81": 93.8502426147461,
    "f110": 93.25118255615234,
    "f78": 92.66018676757812,
    "f101": 92.09173583984375,
    "f135": 91.71687316894531,
    "f87": 89.73995971679688,
    "f144": 88.94255065917969,
    "f91": 85.77655029296875,
    "f96": 85.19233703613281,
    "f97": 84.43096923828125,
    "f25": 81.83338165283203,
    "f88": 81.60413360595703,
    "f29": 81.19511413574219,
    "f67": 80.86341094970703,
    "f103": 74.43286895751953,
    "f77": 74.27544403076172,
    "f83": 72.76215362548828,
    "f36": 71.07891845703125,
    "f38": 70.97383880615234,
    "f80": 70.61297607421875,
    "f93": 70.44845581054688,
    "f102": 70.010498046875,
    "f124": 68.0787582397461,
    "f60": 67.90792083740234,
    "f85": 67.31216430664062,
    "f49": 66.55748748779297,
    "f122": 65.4869155883789,
    "f133": 65.08468627929688,
    "f0": 64.67350769042969,
    "f111": 63.70914840698242,
    "f90": 62.62651824951172,
    "f44": 62.51005935668945,
    "f43": 59.93022537231445,
    "f73": 59.67074203491211,
    "f35": 59.663002014160156,
    "f13": 59.361080169677734,
    "f53": 58.29081726074219,
    "f18": 57.41159439086914,
    "f61": 57.03066635131836,
    "f82": 56.158592224121094,
    "f95": 56.15739440917969,
    "f129": 55.6320915222168,
    "f134": 53.912261962890625,
    "f107": 53.81669235229492,
    "f12": 53.26753234863281,
    "f106": 51.760799407958984,
    "f84": 51.43992233276367,
    "f86": 50.92267990112305,
    "f57": 49.83810043334961,
    "f39": 49.70452117919922,
    "f94": 48.476341247558594,
    "f76": 47.33713150024414,
    "f92": 45.98127365112305,
    "f2": 45.69615173339844,
    "f34": 44.87908172607422,
    "f5": 44.19316101074219,
    "f1": 42.87274932861328,
    "f24": 41.38125228881836,
    "f72": 40.9135627746582,
    "f33": 40.45912551879883,
    "f98": 38.43191146850586,
    "f70": 37.849727630615234,
    "f3": 37.61843490600586,
    "f37": 37.556373596191406,
    "f14": 36.99583435058594,
    "f71": 36.8883056640625,
    "f62": 36.64260482788086,
    "f48": 36.158653259277344,
    "f74": 35.92189025878906,
    "f15": 35.186798095703125,
    "f17": 34.616661071777344,
    "f40": 33.783294677734375,
    "f89": 33.7244758605957,
    "f50": 32.86384963989258,
    "f42": 32.699623107910156,
    "f108": 32.68531036376953,
    "f19": 32.445552825927734,
    "f41": 29.991897583007812,
    "f20": 29.75066375732422,
    "f113": 29.119346618652344,
    "f56": 29.00143051147461,
    "f68": 28.394866943359375,
    "f26": 28.097736358642578,
    "f58": 28.078691482543945,
    "f30": 27.52659797668457,
    "f63": 27.244434356689453,
    "f100": 27.197582244873047,
    "f65": 26.849931716918945,
    "f55": 26.39116668701172,
    "f54": 25.206390380859375,
    "f32": 24.62687110900879,
    "f117": 24.435651779174805,
    "f47": 21.681503295898438,
    "f52": 21.01110076904297,
    "f64": 20.5899658203125,
    "f139": 20.41313362121582,
    "f59": 20.296648025512695,
    "f138": 20.22589874267578,
    "f4": 19.849939346313477,
    "f45": 18.334447860717773,
    "f27": 18.18109893798828,
    "f51": 15.891580581665039,
    "f16": 15.131232261657715,
    "f146": 11.20561695098877,
    "f132": 9.024362564086914,
    "f125": 8.277786254882812,
    "f121": 6.6938700675964355,
    "f28": 4.340322971343994
}