{
    "f132": 272.2121887207031,
    "f126": 261.6003112792969,
    "f52": 243.4812469482422,
    "f112": 221.6610107421875,
    "f125": 219.12689208984375,
    "f139": 214.66661071777344,
    "f129": 213.13795471191406,
    "f135": 207.056396484375,
    "f118": 206.79901123046875,
    "f124": 201.96591186523438,
    "f23": 183.5774383544922,
    "f122": 171.84400939941406,
    "f131": 171.22134399414062,
    "f144": 169.2835235595703,
    "f22": 168.06564331054688,
    "f133": 148.50909423828125,
    "f130": 137.10113525390625,
    "f141": 135.92816162109375,
    "f146": 134.66891479492188,
    "f134": 132.7814483642578,
    "f120": 129.2324676513672,
    "f114": 125.26773834228516,
    "f136": 124.26468658447266,
    "f142": 123.12911224365234,
    "f74": 122.68693542480469,
    "f87": 121.37565612792969,
    "f103": 120.12971496582031,
    "f140": 119.16661834716797,
    "f128": 114.41942596435547,
    "f86": 110.4352798461914,
    "f143": 109.41854858398438,
    "f119": 106.2584457397461,
    "f111": 103.44056701660156,
    "f127": 102.09550476074219,
    "f91": 100.13465881347656,
    "f145": 99.38566589355469,
    "f108": 97.21540832519531,
    "f80": 96.21849060058594,
    "f93": 94.56171417236328,
    "f137": 94.48590087890625,
    "f95": 93.02714538574219,
    "f110": 93.0240249633789,
    "f88": 92.42916107177734,
    "f36": 91.16722869873047,
    "f123": 91.01358032226562,
    "f72": 90.93313598632812,
    "f89": 89.20049285888672,
    "f98": 87.56268310546875,
    "f84": 87.42146301269531,
    "f85": 86.15814971923828,
    "f4": 84.62811279296875,
    "f25": 82.88390350341797,
    "f53": 80.2416000366211,
    "f24": 78.11951446533203,
    "f77": 73.54281616210938,
    "f73": 71.99201965332031,
    "f99": 71.85417175292969,
    "f70": 71.76325225830078,
    "f97": 71.56854248046875,
    "f105": 69.7415771484375,
    "f21": 69.11052703857422,
    "f0": 68.8438949584961,
    "f19": 67.8036880493164,
    "f17": 67.4703598022461,
    "f147": 64.85917663574219,
    "f59": 62.99592971801758,
    "f106": 62.47650909423828,
    "f71": 61.564266204833984,
    "f94": 60.66679000854492,
    "f67": 60.54800033569336,
    "f117": 60.05904769897461,
    "f102": 58.45387268066406,
    "f31": 58.14596939086914,
    "f35": 58.06317901611328,
    "f101": 56.295623779296875,
    "f96": 56.23208236694336,
    "f109": 54.39731216430664,
    "f54": 54.079410552978516,
    "f79": 53.12681198120117,
    "f92": 52.58498764038086,
    "f1": 52.51998519897461,
    "f20": 52.325843811035156,
    "f60": 52.23487854003906,
    "f37": 52.17170333862305,
    "f5": 52.03572463989258,
    "f83": 50.798213958740234,
    "f41": 50.43300247192383,
    "f75": 50.040489196777344,
    "f78": 49.54579162597656,
    "f14": 48.447349548339844,
    "f138": 48.353515625,
    "f13": 48.07696533203125,
    "f50": 47.775184631347656,
    "f16": 47.288963317871094,
    "f40": 47.10575866699219,
    "f58": 46.89839172363281,
    "f28": 46.88896942138672,
    "f44": 46.689266204833984,
    "f68": 46.24906921386719,
    "f15": 45.584022521972656,
    "f90": 45.18757629394531,
    "f61": 45.13668441772461,
    "f48": 44.66143798828125,
    "f12": 44.561614990234375,
    "f81": 43.22419738769531,
    "f76": 42.953487396240234,
    "f104": 42.60649871826172,
    "f34": 42.4201774597168,
    "f26": 42.233585357666016,
    "f62": 41.26057815551758,
    "f38": 41.14377975463867,
    "f69": 40.499149322509766,
    "f18": 39.23701858520508,
    "f43": 38.56836700439453,
    "f30": 36.64311599731445,
    "f66": 36.28322982788086,
    "f82": 36.23157501220703,
    "f100": 34.69069290161133,
    "f33": 34.46354293823242,
    "f63": 34.39092254638672,
    "f2": 34.337913513183594,
    "f39": 33.69050598144531,
    "f42": 33.408199310302734,
    "f64": 33.225494384765625,
    "f113": 32.55555725097656,
    "f46": 31.86374282836914,
    "f45": 29.740392684936523,
    "f49": 29.72283172607422,
    "f107": 29.53952980041504,
    "f3": 27.888214111328125,
    "f29": 27.7896785736084,
    "f32": 24.90896987915039,
    "f55": 24.803630828857422,
    "f57": 23.239595413208008,
    "f51": 20.341459274291992,
    "f47": 17.42635726928711,
    "f65": 17.13260841369629,
    "f121": 16.463531494140625,
    "f27": 12.765183448791504,
    "f56": 11.6331148147583
}