{
    "f23": 271.91961669921875,
    "f112": 260.0682067871094,
    "f120": 210.12759399414062,
    "f143": 173.8072967529297,
    "f127": 167.9110870361328,
    "f52": 163.96946716308594,
    "f28": 160.80332946777344,
    "f135": 141.5286102294922,
    "f22": 138.05955505371094,
    "f88": 134.1678924560547,
    "f29": 132.50938415527344,
    "f144": 127.8559341430664,
    "f21": 127.30726623535156,
    "f24": 124.30887603759766,
    "f114": 123.7450180053711,
    "f129": 113.55261993408203,
    "f141": 113.54631805419922,
    "f25": 110.27080535888672,
    "f80": 110.25782775878906,
    "f109": 108.5388412475586,
    "f87": 107.7598876953125,
    "f0": 104.888916015625,
    "f133": 97.06562042236328,
    "f71": 96.02589416503906,
    "f1": 94.96257019042969,
    "f50": 93.28627014160156,
    "f44": 91.56546783447266,
    "f61": 90.12376403808594,
    "f66": 89.89190673828125,
    "f47": 88.30757904052734,
    "f94": 87.98184967041016,
    "f77": 86.85258483886719,
    "f82": 85.52672576904297,
    "f3": 85.10713958740234,
    "f75": 84.94514465332031,
    "f72": 84.24868774414062,
    "f93": 83.67679595947266,
    "f147": 83.39136505126953,
    "f81": 82.11910247802734,
    "f90": 77.7513198852539,
    "f113": 76.68189239501953,
    "f78": 75.222900390625,
    "f40": 73.10250091552734,
    "f91": 72.96202087402344,
    "f125": 72.5598373413086,
    "f38": 70.08979797363281,
    "f54": 69.30133819580078,
    "f92": 69.1307373046875,
    "f108": 67.695068359375,
    "f19": 66.19988250732422,
    "f31": 65.03518676757812,
    "f37": 64.95050048828125,
    "f97": 64.11319732666016,
    "f85": 63.6827507019043,
    "f100": 62.21685791015625,
    "f86": 61.866981506347656,
    "f42": 61.67472457885742,
    "f103": 60.00534439086914,
    "f104": 59.109004974365234,
    "f4": 59.09389114379883,
    "f57": 58.72488784790039,
    "f12": 58.46876907348633,
    "f117": 58.329463958740234,
    "f36": 57.82596969604492,
    "f84": 57.74029541015625,
    "f20": 57.43186569213867,
    "f15": 57.306087493896484,
    "f76": 57.24980926513672,
    "f60": 56.82784652709961,
    "f105": 56.02496337890625,
    "f39": 54.86251449584961,
    "f102": 53.83894729614258,
    "f30": 53.8148193359375,
    "f70": 53.08537673950195,
    "f16": 53.07932662963867,
    "f98": 52.737457275390625,
    "f118": 51.77435302734375,
    "f65": 51.744659423828125,
    "f74": 49.16096496582031,
    "f58": 44.73518371582031,
    "f14": 44.19502639770508,
    "f111": 43.832340240478516,
    "f101": 43.62168884277344,
    "f69": 43.57061004638672,
    "f2": 43.425907135009766,
    "f41": 43.33918762207031,
    "f5": 42.37415313720703,
    "f95": 42.22690200805664,
    "f13": 41.48890686035156,
    "f49": 41.08018112182617,
    "f89": 40.798866271972656,
    "f32": 36.89683151245117,
    "f68": 36.798851013183594,
    "f107": 35.80085754394531,
    "f26": 35.535465240478516,
    "f138": 34.78083801269531,
    "f17": 34.29377365112305,
    "f73": 32.925323486328125,
    "f34": 32.85073471069336,
    "f56": 32.731910705566406,
    "f119": 32.34083938598633,
    "f83": 31.917409896850586,
    "f110": 31.380094528198242,
    "f62": 30.72105598449707,
    "f67": 30.203744888305664,
    "f106": 30.077905654907227,
    "f43": 29.67722511291504,
    "f35": 29.225933074951172,
    "f48": 29.07699966430664,
    "f64": 28.69365882873535,
    "f121": 28.200031280517578,
    "f99": 28.149633407592773,
    "f33": 26.84250831604004,
    "f131": 25.6668701171875,
    "f123": 25.634836196899414,
    "f79": 25.356765747070312,
    "f59": 24.910234451293945,
    "f18": 24.71883201599121,
    "f132": 23.19903564453125,
    "f55": 23.144399642944336,
    "f96": 21.083009719848633,
    "f140": 20.779571533203125,
    "f136": 19.856599807739258,
    "f130": 19.57882308959961,
    "f51": 17.317523956298828,
    "f128": 14.586873054504395,
    "f63": 14.320098876953125,
    "f124": 13.959131240844727,
    "f146": 12.918046951293945,
    "f46": 12.729426383972168,
    "f45": 12.517084121704102,
    "f126": 11.462113380432129,
    "f134": 11.25040054321289,
    "f27": 10.737679481506348,
    "f53": 8.849453926086426,
    "f139": 8.017738342285156,
    "f145": 7.355185031890869,
    "f142": 6.806774616241455,
    "f137": 5.732006072998047,
    "f122": 5.156148433685303
}