{
    "f120": 309.4658203125,
    "f112": 276.684326171875,
    "f144": 265.19451904296875,
    "f52": 256.7881774902344,
    "f28": 210.84661865234375,
    "f90": 174.7686004638672,
    "f69": 167.53114318847656,
    "f1": 165.30126953125,
    "f139": 165.11778259277344,
    "f25": 164.55929565429688,
    "f80": 163.69784545898438,
    "f92": 163.6787567138672,
    "f114": 162.088134765625,
    "f23": 160.93482971191406,
    "f0": 145.7593231201172,
    "f100": 145.60643005371094,
    "f22": 144.38479614257812,
    "f73": 143.35769653320312,
    "f97": 128.72677612304688,
    "f21": 125.57059478759766,
    "f77": 120.9267807006836,
    "f137": 119.59154510498047,
    "f81": 118.05004119873047,
    "f31": 117.75948333740234,
    "f72": 117.6873550415039,
    "f131": 113.64058685302734,
    "f66": 109.04596710205078,
    "f113": 107.83302307128906,
    "f107": 107.0071029663086,
    "f98": 103.74365234375,
    "f48": 102.37686157226562,
    "f75": 102.13096618652344,
    "f117": 99.24360656738281,
    "f84": 98.75492095947266,
    "f44": 98.0169448852539,
    "f43": 96.59185791015625,
    "f51": 94.33738708496094,
    "f71": 93.83699035644531,
    "f111": 93.7806625366211,
    "f41": 92.39329528808594,
    "f42": 91.96964263916016,
    "f70": 91.72908782958984,
    "f65": 90.59188079833984,
    "f46": 90.23365783691406,
    "f18": 86.44774627685547,
    "f109": 83.58585357666016,
    "f88": 82.9770278930664,
    "f15": 82.8606185913086,
    "f93": 82.32716369628906,
    "f99": 80.50852966308594,
    "f91": 79.60770416259766,
    "f50": 78.59614562988281,
    "f17": 76.61127471923828,
    "f27": 75.40293884277344,
    "f2": 74.53203582763672,
    "f19": 73.5265121459961,
    "f105": 73.44782257080078,
    "f140": 73.00240325927734,
    "f5": 72.29219055175781,
    "f74": 70.03706359863281,
    "f33": 69.81170654296875,
    "f110": 69.48271179199219,
    "f3": 69.43480682373047,
    "f79": 68.61971282958984,
    "f24": 68.57186126708984,
    "f62": 68.53388977050781,
    "f30": 67.60076904296875,
    "f40": 67.40547180175781,
    "f94": 66.82920837402344,
    "f26": 66.40697479248047,
    "f125": 66.40397644042969,
    "f32": 65.99669647216797,
    "f56": 64.79615020751953,
    "f86": 64.18417358398438,
    "f57": 63.966426849365234,
    "f83": 63.67615509033203,
    "f34": 63.11449432373047,
    "f36": 61.632808685302734,
    "f12": 60.97086715698242,
    "f102": 59.93558883666992,
    "f60": 58.279022216796875,
    "f104": 57.7653694152832,
    "f68": 57.289024353027344,
    "f61": 55.5872917175293,
    "f103": 54.5471076965332,
    "f108": 54.13389587402344,
    "f78": 54.0075569152832,
    "f35": 53.51218032836914,
    "f76": 53.0235481262207,
    "f101": 52.41522216796875,
    "f118": 52.37586212158203,
    "f55": 50.4616584777832,
    "f39": 49.52720260620117,
    "f106": 48.98910903930664,
    "f54": 48.91140365600586,
    "f49": 48.57331466674805,
    "f136": 48.3068962097168,
    "f13": 47.02692794799805,
    "f95": 45.99412155151367,
    "f87": 45.476043701171875,
    "f16": 45.08017349243164,
    "f89": 44.591796875,
    "f29": 44.31490707397461,
    "f14": 44.04348373413086,
    "f4": 43.060508728027344,
    "f38": 43.01432418823242,
    "f147": 42.81971740722656,
    "f58": 42.363555908203125,
    "f64": 41.18215560913086,
    "f96": 40.65784454345703,
    "f20": 40.12406539916992,
    "f63": 37.82096862792969,
    "f59": 37.20818328857422,
    "f45": 37.10894775390625,
    "f124": 36.647300720214844,
    "f67": 35.58147048950195,
    "f141": 33.470497131347656,
    "f47": 31.522966384887695,
    "f127": 28.941558837890625,
    "f37": 28.74714469909668,
    "f122": 28.10259246826172,
    "f82": 27.7446231842041,
    "f121": 27.384063720703125,
    "f119": 27.195112228393555,
    "f126": 24.311668395996094,
    "f143": 24.01211929321289,
    "f146": 22.832843780517578,
    "f85": 22.02475357055664,
    "f130": 20.162111282348633,
    "f133": 19.26063346862793,
    "f123": 17.176921844482422,
    "f128": 16.803312301635742,
    "f132": 16.778400421142578,
    "f135": 16.510244369506836,
    "f142": 16.33430290222168,
    "f53": 16.103185653686523,
    "f138": 15.009455680847168,
    "f129": 11.494867324829102,
    "f134": 10.607402801513672,
    "f145": 8.306928634643555
}