{
    "f46": 261.5418395996094,
    "f147": 238.2879638671875,
    "f114": 225.4545440673828,
    "f112": 224.41029357910156,
    "f131": 199.03497314453125,
    "f127": 196.4051055908203,
    "f122": 155.25534057617188,
    "f42": 142.84327697753906,
    "f29": 131.02139282226562,
    "f25": 128.8531951904297,
    "f52": 122.73247528076172,
    "f84": 119.84793853759766,
    "f87": 119.72531127929688,
    "f74": 117.6201171875,
    "f120": 116.3913803100586,
    "f88": 115.57353973388672,
    "f110": 110.92674255371094,
    "f145": 109.77466583251953,
    "f78": 108.75370025634766,
    "f24": 105.3366470336914,
    "f106": 104.26708221435547,
    "f48": 102.61918640136719,
    "f119": 102.56234741210938,
    "f98": 99.58555603027344,
    "f146": 98.33787536621094,
    "f21": 97.5839614868164,
    "f66": 96.11428833007812,
    "f76": 95.34757232666016,
    "f109": 92.69477081298828,
    "f103": 92.61616516113281,
    "f80": 92.21636199951172,
    "f40": 91.38490295410156,
    "f108": 88.05241394042969,
    "f61": 87.38870239257812,
    "f72": 84.51177978515625,
    "f117": 82.69544982910156,
    "f0": 80.40788269042969,
    "f128": 78.61909484863281,
    "f22": 77.48432159423828,
    "f43": 76.37376403808594,
    "f94": 75.89030456542969,
    "f55": 73.93895721435547,
    "f92": 73.70345306396484,
    "f31": 73.19047546386719,
    "f100": 72.95864868164062,
    "f91": 71.68890380859375,
    "f49": 70.73338317871094,
    "f23": 70.13710021972656,
    "f19": 69.92584228515625,
    "f59": 69.82280731201172,
    "f44": 69.71651458740234,
    "f70": 69.53813934326172,
    "f113": 69.51902770996094,
    "f32": 69.24472045898438,
    "f15": 68.08894348144531,
    "f77": 67.99005889892578,
    "f132": 67.92520141601562,
    "f56": 66.08432006835938,
    "f75": 65.95184326171875,
    "f86": 65.56459045410156,
    "f17": 65.0311508178711,
    "f82": 64.86035919189453,
    "f26": 64.75398254394531,
    "f13": 64.45075988769531,
    "f99": 64.4183120727539,
    "f97": 64.13895416259766,
    "f105": 62.58084487915039,
    "f81": 60.15277099609375,
    "f90": 59.76972961425781,
    "f12": 59.2350959777832,
    "f134": 58.27156448364258,
    "f45": 57.28913497924805,
    "f4": 57.200233459472656,
    "f28": 57.06953811645508,
    "f20": 56.795921325683594,
    "f123": 55.983951568603516,
    "f102": 55.32207107543945,
    "f107": 55.012454986572266,
    "f104": 54.51939392089844,
    "f93": 54.38326644897461,
    "f30": 52.63825988769531,
    "f60": 51.62826919555664,
    "f95": 50.95070266723633,
    "f41": 50.34054183959961,
    "f36": 49.91783905029297,
    "f126": 49.61359405517578,
    "f96": 49.60710144042969,
    "f1": 49.267051696777344,
    "f101": 48.9395637512207,
    "f125": 46.99769592285156,
    "f3": 46.94385528564453,
    "f37": 45.532684326171875,
    "f79": 45.203521728515625,
    "f111": 44.97141647338867,
    "f18": 43.86958694458008,
    "f137": 43.16790008544922,
    "f50": 42.291568756103516,
    "f35": 41.011051177978516,
    "f39": 39.24658203125,
    "f73": 39.008689880371094,
    "f71": 38.81853103637695,
    "f14": 38.209739685058594,
    "f64": 37.462554931640625,
    "f85": 36.83037567138672,
    "f67": 36.463043212890625,
    "f89": 36.28684616088867,
    "f58": 36.16167449951172,
    "f62": 36.149269104003906,
    "f33": 35.665802001953125,
    "f2": 35.5036506652832,
    "f83": 34.73746871948242,
    "f144": 34.733497619628906,
    "f16": 32.309444427490234,
    "f133": 29.09832000732422,
    "f47": 27.49539566040039,
    "f38": 27.083009719848633,
    "f129": 26.247154235839844,
    "f68": 25.32988929748535,
    "f51": 24.74297332763672,
    "f34": 24.285167694091797,
    "f5": 23.261842727661133,
    "f57": 23.255571365356445,
    "f27": 22.572126388549805,
    "f53": 18.84673500061035,
    "f65": 18.704126358032227,
    "f54": 18.404722213745117,
    "f69": 17.236467361450195,
    "f143": 15.961213111877441,
    "f63": 15.441055297851562,
    "f124": 14.957764625549316,
    "f140": 13.942388534545898,
    "f141": 12.961252212524414,
    "f130": 11.84769058227539,
    "f136": 9.816604614257812,
    "f121": 9.63692855834961,
    "f138": 8.808028221130371,
    "f142": 7.755771636962891,
    "f118": 6.496096134185791,
    "f135": 5.9279327392578125,
    "f139": 5.696523666381836
}