{
    "f18": 168.2211456298828,
    "f85": 140.4148406982422,
    "f61": 127.274658203125,
    "f87": 123.86278533935547,
    "f106": 100.5198745727539,
    "f80": 99.47211456298828,
    "f60": 99.2641830444336,
    "f62": 93.46476745605469,
    "f4": 92.2403335571289,
    "f86": 90.36351776123047,
    "f68": 88.80783081054688,
    "f110": 86.1487808227539,
    "f28": 82.459716796875,
    "f21": 81.70210266113281,
    "f3": 76.54579162597656,
    "f48": 76.51445770263672,
    "f67": 76.41836547851562,
    "f69": 76.11886596679688,
    "f73": 74.48992919921875,
    "f20": 73.97232055664062,
    "f26": 73.59894561767578,
    "f97": 68.47325897216797,
    "f36": 67.64353942871094,
    "f38": 66.66826629638672,
    "f33": 65.12966918945312,
    "f99": 65.05526733398438,
    "f27": 64.84319305419922,
    "f79": 64.35289764404297,
    "f93": 63.90004348754883,
    "f24": 63.657318115234375,
    "f82": 63.079132080078125,
    "f50": 62.089290618896484,
    "f90": 61.70343017578125,
    "f72": 58.64376449584961,
    "f71": 57.54676818847656,
    "f31": 57.283416748046875,
    "f51": 57.26701354980469,
    "f16": 55.51484298706055,
    "f34": 53.9544677734375,
    "f14": 52.972957611083984,
    "f30": 52.77158737182617,
    "f65": 52.439029693603516,
    "f29": 52.232181549072266,
    "f1": 52.13467025756836,
    "f49": 51.70487594604492,
    "f83": 51.58013916015625,
    "f25": 51.500465393066406,
    "f59": 51.419471740722656,
    "f78": 50.062129974365234,
    "f37": 49.26205825805664,
    "f40": 48.89259719848633,
    "f44": 48.570701599121094,
    "f101": 48.07383346557617,
    "f53": 47.73112487792969,
    "f66": 47.50764465332031,
    "f23": 47.293212890625,
    "f104": 47.099342346191406,
    "f77": 45.12434005737305,
    "f56": 44.627811431884766,
    "f64": 44.13628005981445,
    "f84": 43.30427551269531,
    "f74": 42.762474060058594,
    "f0": 42.62319564819336,
    "f76": 42.59836959838867,
    "f2": 41.81772232055664,
    "f22": 41.02041244506836,
    "f94": 40.840023040771484,
    "f119": 40.52439498901367,
    "f57": 40.125694274902344,
    "f17": 40.03934097290039,
    "f75": 39.24893569946289,
    "f92": 38.91626739501953,
    "f55": 37.81904602050781,
    "f70": 34.900516510009766,
    "f81": 34.64369583129883,
    "f47": 33.73971176147461,
    "f15": 33.494972229003906,
    "f46": 32.57567596435547,
    "f43": 32.4840202331543,
    "f5": 32.33592987060547,
    "f35": 31.418840408325195,
    "f58": 31.323713302612305,
    "f45": 29.473697662353516,
    "f42": 27.494657516479492,
    "f19": 26.853769302368164,
    "f32": 26.81309700012207,
    "f112": 26.549571990966797,
    "f52": 26.084989547729492,
    "f63": 24.286203384399414,
    "f12": 23.379669189453125,
    "f41": 22.801700592041016,
    "f117": 22.683937072753906,
    "f39": 21.59159278869629,
    "f107": 21.038599014282227,
    "f108": 20.08470344543457,
    "f54": 17.941112518310547,
    "f116": 17.82853889465332,
    "f111": 17.565853118896484,
    "f91": 15.960973739624023,
    "f100": 15.765974998474121,
    "f105": 15.356243133544922,
    "f103": 15.245129585266113,
    "f96": 12.855634689331055,
    "f118": 11.393757820129395,
    "f95": 10.92209529876709,
    "f98": 10.27784538269043,
    "f114": 9.932125091552734,
    "f109": 9.122447967529297,
    "f13": 8.390382766723633,
    "f120": 7.8393707275390625,
    "f102": 7.305100440979004,
    "f115": 4.9260101318359375,
    "f113": 3.5744197368621826
}