{
    "f85": 166.5237579345703,
    "f75": 111.4967269897461,
    "f61": 111.05992889404297,
    "f60": 106.13494873046875,
    "f62": 105.21564483642578,
    "f2": 94.08280181884766,
    "f86": 93.23563385009766,
    "f74": 86.99393463134766,
    "f35": 83.15975952148438,
    "f16": 82.44654083251953,
    "f20": 81.98888397216797,
    "f82": 81.63017272949219,
    "f65": 75.0823974609375,
    "f3": 74.80532836914062,
    "f25": 73.74622344970703,
    "f66": 70.47183227539062,
    "f68": 69.8686294555664,
    "f87": 65.98628234863281,
    "f64": 62.54906463623047,
    "f78": 62.391029357910156,
    "f83": 62.35733413696289,
    "f52": 61.14621353149414,
    "f0": 60.8320198059082,
    "f100": 59.885066986083984,
    "f38": 59.71235656738281,
    "f77": 59.225032806396484,
    "f32": 57.99832534790039,
    "f73": 56.397857666015625,
    "f37": 54.783790588378906,
    "f24": 53.888671875,
    "f40": 53.81218719482422,
    "f104": 53.61884689331055,
    "f18": 53.40450668334961,
    "f72": 52.808860778808594,
    "f80": 52.440792083740234,
    "f31": 51.92605209350586,
    "f30": 51.448665618896484,
    "f49": 49.87617111206055,
    "f76": 49.84774398803711,
    "f44": 49.80876922607422,
    "f19": 49.21818923950195,
    "f33": 48.77760314941406,
    "f1": 47.61716079711914,
    "f36": 47.47573471069336,
    "f26": 46.06801223754883,
    "f48": 45.917118072509766,
    "f90": 45.788429260253906,
    "f79": 45.38545227050781,
    "f84": 44.655845642089844,
    "f56": 43.61357498168945,
    "f53": 41.124637603759766,
    "f22": 40.59987258911133,
    "f46": 40.29840850830078,
    "f71": 39.504241943359375,
    "f50": 38.858951568603516,
    "f43": 38.645450592041016,
    "f51": 36.29096221923828,
    "f5": 35.92862319946289,
    "f63": 35.83208465576172,
    "f4": 35.76009750366211,
    "f58": 35.67165756225586,
    "f28": 35.53092956542969,
    "f59": 35.282955169677734,
    "f57": 34.88222885131836,
    "f15": 34.2497444152832,
    "f47": 34.07483673095703,
    "f67": 33.49614715576172,
    "f70": 33.327972412109375,
    "f29": 31.77760124206543,
    "f14": 31.59433364868164,
    "f21": 31.20630645751953,
    "f41": 29.666362762451172,
    "f23": 29.634370803833008,
    "f27": 29.403491973876953,
    "f42": 29.388376235961914,
    "f34": 29.260944366455078,
    "f92": 28.36468505859375,
    "f45": 27.812524795532227,
    "f54": 27.145647048950195,
    "f69": 25.039928436279297,
    "f118": 24.930471420288086,
    "f101": 23.93124771118164,
    "f17": 23.761152267456055,
    "f81": 22.882787704467773,
    "f114": 22.724773406982422,
    "f94": 22.549907684326172,
    "f107": 22.196622848510742,
    "f39": 22.122526168823242,
    "f103": 21.525819778442383,
    "f106": 21.131296157836914,
    "f93": 20.92954444885254,
    "f55": 19.664731979370117,
    "f13": 18.522228240966797,
    "f97": 17.560579299926758,
    "f111": 17.50323486328125,
    "f12": 16.358444213867188,
    "f117": 15.695393562316895,
    "f99": 12.389314651489258,
    "f113": 12.04385757446289,
    "f96": 11.020380973815918,
    "f109": 10.348645210266113,
    "f95": 10.05147647857666,
    "f108": 9.827967643737793,
    "f102": 9.355761528015137,
    "f120": 8.662856101989746,
    "f98": 8.409102439880371,
    "f115": 6.1134352684021,
    "f105": 5.857560634613037,
    "f112": 5.530144214630127,
    "f91": 5.364406108856201,
    "f116": 4.552972316741943,
    "f119": 4.272130012512207,
    "f110": 4.06582498550415
}