{
    "f87": 156.70712280273438,
    "f85": 119.65399169921875,
    "f65": 115.56855773925781,
    "f68": 106.36546325683594,
    "f74": 105.073486328125,
    "f82": 94.05500793457031,
    "f17": 87.48649597167969,
    "f90": 86.36585235595703,
    "f79": 86.28971099853516,
    "f80": 85.84590148925781,
    "f120": 85.77627563476562,
    "f66": 84.95948028564453,
    "f92": 83.38300323486328,
    "f19": 82.67440795898438,
    "f2": 82.40470886230469,
    "f56": 81.54747009277344,
    "f62": 77.9799575805664,
    "f24": 75.03681945800781,
    "f52": 72.3303451538086,
    "f59": 70.07718658447266,
    "f44": 69.4774398803711,
    "f22": 69.30962371826172,
    "f58": 67.9496841430664,
    "f57": 66.43073272705078,
    "f30": 65.88314056396484,
    "f75": 64.90190887451172,
    "f28": 64.68328857421875,
    "f15": 64.31725311279297,
    "f45": 61.747039794921875,
    "f38": 61.55177688598633,
    "f83": 60.586952209472656,
    "f84": 59.83190155029297,
    "f25": 59.013526916503906,
    "f26": 58.897430419921875,
    "f46": 58.18374252319336,
    "f78": 56.8062629699707,
    "f50": 56.20466613769531,
    "f34": 55.685333251953125,
    "f29": 53.28485107421875,
    "f72": 51.941341400146484,
    "f76": 51.098758697509766,
    "f35": 50.945213317871094,
    "f18": 50.375282287597656,
    "f49": 49.33631134033203,
    "f67": 49.27240753173828,
    "f14": 49.01641845703125,
    "f111": 48.79444122314453,
    "f53": 48.120704650878906,
    "f55": 47.91789245605469,
    "f27": 47.139404296875,
    "f107": 46.786930084228516,
    "f41": 46.21733856201172,
    "f32": 46.07282257080078,
    "f86": 45.72394943237305,
    "f21": 41.88620376586914,
    "f3": 41.519195556640625,
    "f73": 41.259830474853516,
    "f112": 39.919769287109375,
    "f0": 39.8198356628418,
    "f71": 39.788150787353516,
    "f16": 38.26918411254883,
    "f108": 38.16701889038086,
    "f77": 38.04104232788086,
    "f64": 36.83087921142578,
    "f118": 36.014625549316406,
    "f51": 35.77267074584961,
    "f69": 35.575313568115234,
    "f37": 35.258262634277344,
    "f43": 34.0613899230957,
    "f97": 33.35686492919922,
    "f5": 33.04275131225586,
    "f4": 32.8108024597168,
    "f31": 32.51819610595703,
    "f39": 32.24838638305664,
    "f1": 30.57110023498535,
    "f91": 30.308799743652344,
    "f20": 30.207456588745117,
    "f101": 28.6296329498291,
    "f99": 28.47503089904785,
    "f81": 28.076990127563477,
    "f54": 28.057174682617188,
    "f106": 27.789548873901367,
    "f117": 27.52179527282715,
    "f33": 27.41643524169922,
    "f12": 27.30610466003418,
    "f42": 26.619041442871094,
    "f40": 26.59663963317871,
    "f63": 25.05181312561035,
    "f110": 24.51580238342285,
    "f48": 22.66534996032715,
    "f47": 21.771041870117188,
    "f36": 20.108163833618164,
    "f95": 19.604705810546875,
    "f23": 19.497316360473633,
    "f113": 17.912933349609375,
    "f104": 17.525251388549805,
    "f70": 17.270204544067383,
    "f109": 17.13144302368164,
    "f98": 17.095396041870117,
    "f100": 14.22247314453125,
    "f61": 12.7199068069458,
    "f96": 11.629297256469727,
    "f60": 10.227412223815918,
    "f102": 9.537064552307129,
    "f13": 9.21180534362793,
    "f119": 9.004199981689453,
    "f103": 8.975887298583984,
    "f105": 8.8090238571167,
    "f94": 8.184207916259766,
    "f115": 5.38361930847168,
    "f93": 3.864377737045288,
    "f116": 3.8277764320373535,
    "f114": 3.651432991027832
}