{
    "f85": 175.0207977294922,
    "f87": 151.50845336914062,
    "f86": 115.99467468261719,
    "f28": 114.8833999633789,
    "f91": 111.114013671875,
    "f73": 110.02931213378906,
    "f62": 107.26641845703125,
    "f16": 102.93154907226562,
    "f95": 98.02050018310547,
    "f74": 96.13513946533203,
    "f60": 95.5576171875,
    "f68": 91.68301391601562,
    "f80": 90.87518310546875,
    "f83": 90.36050415039062,
    "f30": 88.38298797607422,
    "f79": 86.89506530761719,
    "f81": 83.56404876708984,
    "f65": 81.0723876953125,
    "f54": 76.25617980957031,
    "f78": 76.1425552368164,
    "f84": 76.02591705322266,
    "f27": 75.58116912841797,
    "f59": 71.74291229248047,
    "f21": 71.24005889892578,
    "f20": 69.86770629882812,
    "f53": 69.28840637207031,
    "f103": 68.78089904785156,
    "f5": 66.98970031738281,
    "f25": 66.96113586425781,
    "f72": 64.93876647949219,
    "f40": 64.82579803466797,
    "f17": 64.39698791503906,
    "f50": 63.83234786987305,
    "f43": 63.514305114746094,
    "f1": 62.005558013916016,
    "f76": 61.26049041748047,
    "f0": 60.67448806762695,
    "f77": 59.992733001708984,
    "f64": 59.906883239746094,
    "f71": 59.082275390625,
    "f2": 59.03704833984375,
    "f82": 58.31619644165039,
    "f32": 58.221702575683594,
    "f118": 57.37067794799805,
    "f96": 55.5808219909668,
    "f35": 55.131446838378906,
    "f24": 54.87943649291992,
    "f94": 53.7313117980957,
    "f61": 53.696834564208984,
    "f14": 53.313934326171875,
    "f58": 52.89741897583008,
    "f39": 50.52486801147461,
    "f67": 50.51337814331055,
    "f4": 50.486446380615234,
    "f44": 50.48146057128906,
    "f42": 48.981746673583984,
    "f104": 48.01417922973633,
    "f75": 47.776123046875,
    "f90": 46.751670837402344,
    "f48": 46.31230545043945,
    "f15": 46.00748062133789,
    "f3": 45.79166793823242,
    "f56": 45.29599380493164,
    "f66": 45.184471130371094,
    "f38": 42.5467414855957,
    "f36": 40.699581146240234,
    "f111": 39.74421691894531,
    "f63": 39.67720413208008,
    "f26": 39.204837799072266,
    "f47": 38.02455139160156,
    "f52": 37.99072265625,
    "f49": 37.36049270629883,
    "f29": 37.243019104003906,
    "f19": 37.0384635925293,
    "f31": 36.73521041870117,
    "f37": 36.65409851074219,
    "f41": 34.859031677246094,
    "f70": 33.893924713134766,
    "f69": 33.338157653808594,
    "f57": 33.293697357177734,
    "f22": 32.79113006591797,
    "f23": 30.629253387451172,
    "f55": 30.195899963378906,
    "f106": 28.30082893371582,
    "f34": 27.752349853515625,
    "f51": 26.48818588256836,
    "f46": 25.54035186767578,
    "f112": 24.953336715698242,
    "f105": 24.668386459350586,
    "f45": 24.499818801879883,
    "f33": 23.838146209716797,
    "f13": 22.35116958618164,
    "f97": 20.575481414794922,
    "f12": 19.496919631958008,
    "f114": 18.82562828063965,
    "f98": 18.31989860534668,
    "f120": 17.90862274169922,
    "f99": 15.33535385131836,
    "f119": 13.585321426391602,
    "f109": 13.479996681213379,
    "f110": 13.104140281677246,
    "f116": 12.224349975585938,
    "f108": 11.580485343933105,
    "f115": 11.133610725402832,
    "f117": 9.594901084899902,
    "f107": 9.392768859863281,
    "f113": 8.421867370605469,
    "f100": 7.286685466766357,
    "f101": 7.231498718261719,
    "f92": 5.5554914474487305,
    "f18": 5.518832206726074,
    "f93": 4.426743507385254,
    "f102": 3.2144935131073
}