{
    "f87": 190.45091247558594,
    "f55": 161.15072631835938,
    "f86": 148.44943237304688,
    "f19": 128.5282440185547,
    "f20": 110.00975036621094,
    "f90": 107.71989440917969,
    "f84": 102.76563262939453,
    "f65": 101.4876937866211,
    "f99": 99.38416290283203,
    "f78": 98.91142272949219,
    "f85": 98.17173767089844,
    "f29": 93.79095458984375,
    "f62": 93.57235717773438,
    "f70": 84.66954803466797,
    "f81": 83.21990203857422,
    "f42": 79.81840515136719,
    "f49": 79.10907745361328,
    "f75": 79.06362915039062,
    "f61": 78.6581802368164,
    "f40": 75.80999755859375,
    "f82": 74.58447265625,
    "f2": 74.20250701904297,
    "f48": 74.0171127319336,
    "f50": 72.71382904052734,
    "f27": 69.22604370117188,
    "f96": 67.4755859375,
    "f28": 66.9788818359375,
    "f15": 66.70416259765625,
    "f67": 66.62480163574219,
    "f14": 66.5960693359375,
    "f80": 66.46892547607422,
    "f59": 65.6847152709961,
    "f44": 63.63193130493164,
    "f21": 63.3812370300293,
    "f31": 61.91414260864258,
    "f56": 61.3923225402832,
    "f79": 60.96604919433594,
    "f33": 60.756717681884766,
    "f26": 59.71079635620117,
    "f53": 59.01686477661133,
    "f30": 58.35089874267578,
    "f71": 58.19291687011719,
    "f57": 57.32612228393555,
    "f64": 57.12311935424805,
    "f63": 56.99580001831055,
    "f38": 56.44746780395508,
    "f83": 56.43524169921875,
    "f37": 53.771820068359375,
    "f68": 53.67698287963867,
    "f41": 53.3231201171875,
    "f34": 52.724884033203125,
    "f17": 52.722591400146484,
    "f24": 52.13785934448242,
    "f76": 48.90067672729492,
    "f32": 48.7212028503418,
    "f116": 48.69358825683594,
    "f74": 48.1572265625,
    "f77": 48.07333755493164,
    "f72": 47.592716217041016,
    "f25": 47.45940017700195,
    "f1": 47.34523391723633,
    "f3": 47.2835693359375,
    "f36": 46.996402740478516,
    "f18": 44.195133209228516,
    "f66": 43.23863220214844,
    "f43": 42.93364715576172,
    "f5": 41.09272003173828,
    "f54": 40.61117172241211,
    "f60": 40.426090240478516,
    "f51": 39.4848518371582,
    "f23": 39.375267028808594,
    "f22": 38.3095703125,
    "f35": 37.23178482055664,
    "f92": 36.78816604614258,
    "f73": 36.559043884277344,
    "f46": 35.849117279052734,
    "f16": 35.47702407836914,
    "f58": 33.738624572753906,
    "f94": 33.67107391357422,
    "f47": 33.3115234375,
    "f0": 33.25559616088867,
    "f52": 31.312271118164062,
    "f4": 28.56889533996582,
    "f69": 27.67877769470215,
    "f39": 25.667024612426758,
    "f114": 23.890535354614258,
    "f102": 22.164186477661133,
    "f13": 22.04891586303711,
    "f117": 21.01052474975586,
    "f118": 20.63930892944336,
    "f105": 18.565950393676758,
    "f45": 18.243555068969727,
    "f110": 18.143760681152344,
    "f106": 16.677370071411133,
    "f12": 15.238204002380371,
    "f115": 14.978079795837402,
    "f119": 14.809687614440918,
    "f93": 13.995827674865723,
    "f91": 13.96195125579834,
    "f97": 13.660743713378906,
    "f101": 13.228973388671875,
    "f107": 13.15412712097168,
    "f113": 12.8558349609375,
    "f120": 12.043883323669434,
    "f98": 9.86172866821289,
    "f103": 9.152817726135254,
    "f112": 8.991077423095703,
    "f109": 8.90206241607666,
    "f111": 7.086973667144775,
    "f100": 6.229861736297607,
    "f104": 6.05902099609375,
    "f108": 5.377584457397461,
    "f95": 5.01682186126709
}