{
    "f122": 908.6142578125,
    "f151": 554.1185913085938,
    "f148": 542.0319213867188,
    "f140": 539.8203735351562,
    "f145": 498.0265197753906,
    "f42": 486.5947570800781,
    "f107": 486.25860595703125,
    "f116": 424.0580749511719,
    "f109": 423.3653564453125,
    "f110": 376.4298400878906,
    "f48": 371.33685302734375,
    "f142": 354.3219909667969,
    "f19": 348.90667724609375,
    "f102": 348.3145751953125,
    "f104": 333.42803955078125,
    "f124": 324.4248962402344,
    "f152": 323.07611083984375,
    "f91": 319.77044677734375,
    "f108": 308.8135070800781,
    "f100": 305.80621337890625,
    "f86": 300.20660400390625,
    "f89": 299.8586120605469,
    "f92": 299.7653503417969,
    "f88": 291.79327392578125,
    "f60": 290.5417175292969,
    "f13": 288.9686279296875,
    "f95": 285.7548522949219,
    "f77": 277.6251525878906,
    "f138": 275.154296875,
    "f55": 274.84539794921875,
    "f105": 268.8864440917969,
    "f101": 267.2479248046875,
    "f87": 264.26171875,
    "f154": 263.6574401855469,
    "f99": 261.65057373046875,
    "f74": 261.2668762207031,
    "f66": 260.614990234375,
    "f75": 259.7118835449219,
    "f94": 255.97438049316406,
    "f123": 255.20468139648438,
    "f117": 254.51132202148438,
    "f119": 243.4403839111328,
    "f44": 242.040771484375,
    "f32": 239.43434143066406,
    "f54": 238.79469299316406,
    "f68": 237.88978576660156,
    "f43": 236.51034545898438,
    "f12": 236.13014221191406,
    "f49": 234.9627685546875,
    "f111": 229.67909240722656,
    "f14": 227.09652709960938,
    "f62": 226.67788696289062,
    "f120": 223.8019256591797,
    "f97": 219.8284912109375,
    "f83": 219.51158142089844,
    "f37": 218.6282501220703,
    "f61": 217.13587951660156,
    "f78": 214.51519775390625,
    "f24": 211.3438720703125,
    "f112": 208.99684143066406,
    "f93": 208.42210388183594,
    "f81": 207.67657470703125,
    "f80": 204.20187377929688,
    "f82": 200.4314727783203,
    "f56": 197.4847412109375,
    "f135": 193.35507202148438,
    "f25": 193.16705322265625,
    "f129": 191.7932891845703,
    "f85": 181.75962829589844,
    "f84": 181.6112518310547,
    "f38": 176.61691284179688,
    "f72": 173.4490966796875,
    "f1": 169.73504638671875,
    "f20": 165.97413635253906,
    "f127": 162.65756225585938,
    "f98": 160.373046875,
    "f121": 156.72412109375,
    "f67": 156.53160095214844,
    "f36": 153.1040802001953,
    "f50": 152.57289123535156,
    "f90": 150.79071044921875,
    "f2": 149.330078125,
    "f115": 145.9452667236328,
    "f128": 145.39744567871094,
    "f79": 143.8170166015625,
    "f76": 141.6425018310547,
    "f31": 139.0491943359375,
    "f96": 138.68692016601562,
    "f103": 135.84963989257812,
    "f113": 128.55337524414062,
    "f73": 124.91486358642578,
    "f114": 119.09756469726562,
    "f147": 113.22623443603516,
    "f118": 108.71683502197266,
    "f0": 99.44417572021484,
    "f30": 96.96577453613281,
    "f26": 92.23241424560547,
    "f139": 90.53893280029297,
    "f143": 90.32524108886719,
    "f106": 90.12857055664062,
    "f155": 74.3324203491211,
    "f150": 68.02954864501953,
    "f156": 53.884090423583984,
    "f18": 50.94343948364258,
    "f137": 41.41303634643555,
    "f133": 36.18082046508789,
    "f146": 33.74087142944336,
    "f149": 31.397804260253906,
    "f153": 25.86247444152832,
    "f134": 24.631771087646484,
    "f141": 16.48285675048828,
    "f130": 14.768131256103516,
    "f132": 11.418203353881836,
    "f157": 8.881203651428223,
    "f144": 7.235996723175049,
    "f136": 7.102707386016846,
    "f131": 3.809070587158203
}