{
    "f122": 952.6069946289062,
    "f124": 518.8898315429688,
    "f155": 505.5473937988281,
    "f145": 503.6474304199219,
    "f136": 475.9580078125,
    "f149": 467.4385986328125,
    "f153": 460.40472412109375,
    "f135": 446.7765197753906,
    "f42": 446.0003356933594,
    "f111": 429.04248046875,
    "f133": 397.8466491699219,
    "f150": 391.4513244628906,
    "f79": 390.51995849609375,
    "f93": 380.73809814453125,
    "f74": 379.5129089355469,
    "f109": 376.4734191894531,
    "f110": 375.792724609375,
    "f141": 365.28076171875,
    "f107": 361.2099914550781,
    "f138": 353.8711242675781,
    "f96": 351.71343994140625,
    "f19": 338.107666015625,
    "f104": 336.5602111816406,
    "f101": 333.18231201171875,
    "f0": 322.337158203125,
    "f44": 313.3212890625,
    "f92": 311.8984680175781,
    "f112": 307.2649841308594,
    "f86": 306.0346374511719,
    "f67": 305.41131591796875,
    "f105": 304.0570373535156,
    "f119": 300.2755432128906,
    "f75": 299.38665771484375,
    "f143": 298.9563903808594,
    "f80": 297.9496154785156,
    "f62": 295.87353515625,
    "f140": 295.07049560546875,
    "f142": 294.76641845703125,
    "f94": 293.5447692871094,
    "f76": 285.806396484375,
    "f12": 281.0500793457031,
    "f91": 270.6250915527344,
    "f90": 263.1240234375,
    "f116": 260.0676574707031,
    "f25": 260.01666259765625,
    "f24": 252.78404235839844,
    "f95": 252.6360626220703,
    "f100": 250.15126037597656,
    "f102": 249.9752655029297,
    "f127": 247.13560485839844,
    "f32": 246.81349182128906,
    "f48": 246.7822265625,
    "f49": 241.13819885253906,
    "f88": 236.2916717529297,
    "f97": 234.60423278808594,
    "f66": 231.94363403320312,
    "f43": 231.15499877929688,
    "f108": 228.03160095214844,
    "f72": 224.36383056640625,
    "f114": 224.2725830078125,
    "f87": 222.1348876953125,
    "f83": 221.55941772460938,
    "f123": 220.9038848876953,
    "f54": 218.46441650390625,
    "f85": 217.3450927734375,
    "f99": 213.95347595214844,
    "f121": 209.39785766601562,
    "f89": 202.78668212890625,
    "f115": 201.91244506835938,
    "f36": 200.10641479492188,
    "f152": 199.9748077392578,
    "f20": 194.81895446777344,
    "f18": 190.8461151123047,
    "f84": 190.66204833984375,
    "f1": 189.026123046875,
    "f81": 188.8055877685547,
    "f37": 188.09088134765625,
    "f56": 185.17234802246094,
    "f82": 182.1676483154297,
    "f113": 180.443115234375,
    "f13": 179.9605712890625,
    "f120": 178.3369140625,
    "f55": 177.85247802734375,
    "f73": 174.72811889648438,
    "f77": 174.33642578125,
    "f61": 168.21218872070312,
    "f50": 164.4491729736328,
    "f139": 162.4239044189453,
    "f151": 156.318359375,
    "f98": 155.428955078125,
    "f60": 151.1071319580078,
    "f30": 150.84539794921875,
    "f132": 148.925537109375,
    "f103": 146.97232055664062,
    "f117": 143.1348876953125,
    "f148": 142.2389373779297,
    "f146": 141.17379760742188,
    "f26": 138.2205810546875,
    "f38": 136.33106994628906,
    "f14": 128.847900390625,
    "f156": 128.1687469482422,
    "f106": 124.04698944091797,
    "f78": 123.71076965332031,
    "f137": 123.57501983642578,
    "f68": 117.14802551269531,
    "f144": 114.83976745605469,
    "f129": 101.0365982055664,
    "f118": 100.2651138305664,
    "f31": 92.7461166381836,
    "f154": 87.94071960449219,
    "f2": 80.94132232666016,
    "f131": 71.20881652832031,
    "f157": 70.90645599365234,
    "f147": 53.319580078125,
    "f134": 53.2395133972168,
    "f128": 47.62667465209961,
    "f130": 25.53291130065918
}