{
    "f135": 1223.3876953125,
    "f141": 1059.358642578125,
    "f133": 934.5487060546875,
    "f153": 850.7197875976562,
    "f143": 801.919921875,
    "f122": 798.0081787109375,
    "f154": 776.57763671875,
    "f150": 749.795654296875,
    "f148": 725.0370483398438,
    "f140": 701.3095703125,
    "f139": 677.4366455078125,
    "f149": 668.6016845703125,
    "f155": 668.5355224609375,
    "f131": 642.6369018554688,
    "f144": 640.770751953125,
    "f130": 628.415283203125,
    "f145": 619.285888671875,
    "f152": 612.86865234375,
    "f92": 600.4153442382812,
    "f142": 594.6607055664062,
    "f112": 586.3021240234375,
    "f89": 566.2476806640625,
    "f132": 556.9926147460938,
    "f101": 535.049560546875,
    "f134": 532.8375244140625,
    "f137": 526.077392578125,
    "f110": 506.23876953125,
    "f108": 493.0379333496094,
    "f128": 487.2005920410156,
    "f78": 484.17559814453125,
    "f136": 477.60980224609375,
    "f129": 449.8203125,
    "f42": 438.3486328125,
    "f127": 430.0740051269531,
    "f81": 422.8241882324219,
    "f146": 414.83367919921875,
    "f157": 411.32427978515625,
    "f138": 404.7919006347656,
    "f98": 393.9850769042969,
    "f74": 390.01031494140625,
    "f156": 386.65325927734375,
    "f124": 376.0538635253906,
    "f19": 374.1730041503906,
    "f88": 364.7646484375,
    "f115": 363.5231018066406,
    "f84": 363.2588195800781,
    "f104": 359.617431640625,
    "f87": 359.0011901855469,
    "f85": 355.71600341796875,
    "f151": 354.30780029296875,
    "f72": 345.41729736328125,
    "f109": 345.20574951171875,
    "f114": 339.9272155761719,
    "f86": 336.52630615234375,
    "f95": 335.1844177246094,
    "f121": 332.136962890625,
    "f14": 327.3781433105469,
    "f91": 325.874755859375,
    "f80": 324.7136535644531,
    "f83": 320.34814453125,
    "f66": 318.7488708496094,
    "f93": 318.5791320800781,
    "f105": 316.52081298828125,
    "f123": 314.9521179199219,
    "f75": 312.7663879394531,
    "f107": 310.66339111328125,
    "f0": 302.6692199707031,
    "f111": 301.2613830566406,
    "f73": 301.0816955566406,
    "f119": 300.21710205078125,
    "f120": 298.54254150390625,
    "f44": 297.0025939941406,
    "f117": 290.92822265625,
    "f43": 286.1006164550781,
    "f82": 282.4468078613281,
    "f49": 279.55078125,
    "f36": 275.4718933105469,
    "f103": 270.676025390625,
    "f30": 269.224365234375,
    "f1": 268.6824645996094,
    "f100": 267.3012390136719,
    "f79": 263.60986328125,
    "f18": 262.57037353515625,
    "f48": 255.66567993164062,
    "f96": 250.70570373535156,
    "f55": 248.2382049560547,
    "f2": 245.29812622070312,
    "f68": 244.1074981689453,
    "f102": 241.81390380859375,
    "f56": 241.644775390625,
    "f99": 234.3668670654297,
    "f76": 234.28073120117188,
    "f94": 233.5563201904297,
    "f62": 233.28379821777344,
    "f116": 231.02452087402344,
    "f118": 225.57266235351562,
    "f31": 223.5902099609375,
    "f13": 217.47573852539062,
    "f25": 216.89535522460938,
    "f147": 211.5291290283203,
    "f60": 208.80812072753906,
    "f97": 206.130615234375,
    "f38": 197.2528533935547,
    "f67": 196.51828002929688,
    "f20": 193.6466064453125,
    "f26": 189.6334991455078,
    "f32": 185.35488891601562,
    "f37": 180.21527099609375,
    "f54": 178.1717529296875,
    "f50": 174.3863525390625,
    "f61": 164.11795043945312,
    "f12": 153.28443908691406,
    "f106": 149.51597595214844,
    "f113": 142.6785888671875,
    "f24": 131.4490966796875,
    "f77": 119.70640563964844,
    "f90": 80.02708435058594
}