{
    "f122": 984.091552734375,
    "f156": 536.2417602539062,
    "f124": 527.1280517578125,
    "f94": 496.5296630859375,
    "f107": 477.6509094238281,
    "f42": 476.16717529296875,
    "f149": 435.7593994140625,
    "f155": 408.1280212402344,
    "f104": 405.748291015625,
    "f131": 404.91412353515625,
    "f145": 404.5692443847656,
    "f109": 401.9097900390625,
    "f119": 391.4941711425781,
    "f0": 384.23980712890625,
    "f152": 378.87353515625,
    "f150": 378.1874084472656,
    "f93": 346.10394287109375,
    "f103": 345.1266784667969,
    "f108": 337.4811706542969,
    "f116": 330.7786865234375,
    "f48": 330.0802917480469,
    "f105": 328.9568176269531,
    "f144": 323.24859619140625,
    "f139": 321.6719970703125,
    "f95": 311.2779846191406,
    "f112": 310.1480712890625,
    "f98": 306.7494812011719,
    "f91": 305.21270751953125,
    "f76": 297.5278625488281,
    "f157": 297.2475891113281,
    "f83": 294.3383483886719,
    "f19": 287.83953857421875,
    "f136": 287.3722229003906,
    "f127": 287.1241455078125,
    "f102": 286.261474609375,
    "f148": 284.8980407714844,
    "f154": 281.2865295410156,
    "f115": 270.7972106933594,
    "f82": 269.05902099609375,
    "f81": 267.0137939453125,
    "f137": 260.8241271972656,
    "f130": 260.5652160644531,
    "f44": 258.47210693359375,
    "f101": 254.4535369873047,
    "f110": 253.41099548339844,
    "f68": 250.3710174560547,
    "f114": 246.5745391845703,
    "f20": 246.046630859375,
    "f73": 241.0579833984375,
    "f24": 235.38082885742188,
    "f143": 234.52377319335938,
    "f97": 232.72799682617188,
    "f123": 231.13681030273438,
    "f75": 229.1031951904297,
    "f25": 226.8395538330078,
    "f92": 226.3568572998047,
    "f50": 223.59385681152344,
    "f85": 222.65512084960938,
    "f90": 221.3817138671875,
    "f89": 220.78280639648438,
    "f13": 219.0503692626953,
    "f67": 218.123291015625,
    "f49": 215.11830139160156,
    "f60": 208.73416137695312,
    "f106": 208.29791259765625,
    "f72": 206.28411865234375,
    "f66": 205.83306884765625,
    "f100": 202.34237670898438,
    "f120": 201.69284057617188,
    "f96": 201.57589721679688,
    "f62": 199.0861053466797,
    "f55": 198.31370544433594,
    "f113": 197.58787536621094,
    "f86": 194.4578094482422,
    "f56": 192.80673217773438,
    "f142": 190.5243377685547,
    "f61": 190.45388793945312,
    "f118": 187.4169158935547,
    "f30": 187.12472534179688,
    "f77": 185.4878692626953,
    "f18": 183.4284210205078,
    "f74": 183.27659606933594,
    "f84": 182.64016723632812,
    "f121": 178.4639892578125,
    "f80": 177.3455352783203,
    "f54": 177.1876220703125,
    "f111": 167.19859313964844,
    "f2": 158.41639709472656,
    "f43": 157.2095947265625,
    "f99": 154.31613159179688,
    "f1": 148.41494750976562,
    "f32": 147.69308471679688,
    "f26": 146.98634338378906,
    "f138": 146.83827209472656,
    "f117": 145.43710327148438,
    "f87": 145.40525817871094,
    "f38": 139.56826782226562,
    "f14": 138.9789581298828,
    "f12": 138.25686645507812,
    "f36": 137.6499481201172,
    "f128": 135.62513732910156,
    "f31": 131.15585327148438,
    "f79": 130.13827514648438,
    "f37": 123.60848236083984,
    "f88": 113.56849670410156,
    "f140": 112.06214141845703,
    "f78": 103.76863098144531,
    "f146": 90.38031768798828,
    "f151": 77.97349548339844,
    "f129": 64.92826843261719,
    "f133": 57.52972412109375,
    "f147": 34.439727783203125,
    "f141": 30.405296325683594,
    "f135": 27.77573585510254,
    "f132": 14.537312507629395,
    "f134": 13.57575798034668,
    "f153": 7.048272132873535
}