{
    "f122": 1021.6177978515625,
    "f101": 502.9614562988281,
    "f100": 435.2547607421875,
    "f110": 423.7165222167969,
    "f94": 415.5093688964844,
    "f74": 398.3484802246094,
    "f124": 391.99957275390625,
    "f42": 389.03802490234375,
    "f87": 383.6717834472656,
    "f90": 371.3357849121094,
    "f81": 367.53704833984375,
    "f112": 357.83868408203125,
    "f107": 342.7467041015625,
    "f131": 341.2463684082031,
    "f109": 333.4638671875,
    "f49": 331.70013427734375,
    "f82": 326.897216796875,
    "f95": 324.54876708984375,
    "f106": 317.0249938964844,
    "f85": 314.87872314453125,
    "f123": 314.7734375,
    "f12": 313.8341979980469,
    "f114": 310.66900634765625,
    "f76": 308.38372802734375,
    "f84": 298.6656799316406,
    "f92": 297.69805908203125,
    "f67": 296.4856262207031,
    "f143": 296.477294921875,
    "f102": 292.6223449707031,
    "f117": 292.5105895996094,
    "f79": 289.046875,
    "f73": 286.5621337890625,
    "f103": 284.49810791015625,
    "f36": 282.6877136230469,
    "f86": 271.5966796875,
    "f127": 271.2458801269531,
    "f72": 270.4638366699219,
    "f32": 269.0963134765625,
    "f13": 268.7165832519531,
    "f14": 267.76434326171875,
    "f75": 267.1860656738281,
    "f83": 266.8674621582031,
    "f105": 262.0954284667969,
    "f48": 255.81234741210938,
    "f80": 253.1596221923828,
    "f24": 246.32701110839844,
    "f25": 245.0446319580078,
    "f50": 244.98365783691406,
    "f55": 240.61810302734375,
    "f155": 234.2978973388672,
    "f60": 232.91893005371094,
    "f113": 231.8359375,
    "f77": 226.59707641601562,
    "f93": 224.9855499267578,
    "f2": 223.58895874023438,
    "f20": 219.68824768066406,
    "f54": 219.57958984375,
    "f37": 219.51202392578125,
    "f121": 218.9151611328125,
    "f68": 218.35723876953125,
    "f0": 215.42144775390625,
    "f104": 213.93919372558594,
    "f88": 209.6864471435547,
    "f78": 207.86045837402344,
    "f44": 206.6669921875,
    "f56": 204.74900817871094,
    "f99": 204.24139404296875,
    "f119": 202.23471069335938,
    "f120": 200.2261199951172,
    "f43": 199.2914276123047,
    "f118": 199.1616668701172,
    "f62": 193.31341552734375,
    "f91": 191.72036743164062,
    "f96": 189.48297119140625,
    "f141": 184.8456268310547,
    "f97": 178.17001342773438,
    "f18": 177.81253051757812,
    "f111": 174.85818481445312,
    "f115": 172.89927673339844,
    "f66": 168.28428649902344,
    "f98": 164.03724670410156,
    "f38": 163.84889221191406,
    "f19": 163.521240234375,
    "f116": 157.4309539794922,
    "f108": 149.2246856689453,
    "f31": 137.86692810058594,
    "f132": 134.5763702392578,
    "f61": 132.34474182128906,
    "f146": 130.38299560546875,
    "f89": 127.90753936767578,
    "f1": 126.50769805908203,
    "f26": 118.75208282470703,
    "f129": 113.87080383300781,
    "f30": 103.90271759033203,
    "f135": 81.73786163330078,
    "f136": 71.89913177490234,
    "f157": 67.39260864257812,
    "f153": 56.85277557373047,
    "f134": 45.31669235229492,
    "f156": 43.8533935546875,
    "f138": 42.378883361816406,
    "f148": 39.73122024536133,
    "f142": 36.40288543701172,
    "f133": 32.54808807373047,
    "f150": 32.147911071777344,
    "f152": 30.56848907470703,
    "f128": 26.234689712524414,
    "f144": 25.89661407470703,
    "f137": 24.092790603637695,
    "f147": 23.89141082763672,
    "f130": 21.435096740722656,
    "f151": 19.355091094970703,
    "f149": 17.527912139892578,
    "f140": 17.51551055908203,
    "f145": 13.836786270141602,
    "f154": 13.563813209533691,
    "f139": 8.325587272644043
}